samp_id,loss,acc
1,3.0610344409942627,0.0598159509202454
2,2.872607707977295,0.28262688232013383
3,2.5764267444610596,0.3289180145008366
4,2.2014527320861816,0.40923034021193533
5,1.8480193614959717,0.44771332961517013
6,1.5467336177825928,0.4991634132738427
7,1.3032485246658325,0.5488008923591746
8,1.1093052625656128,0.6090351366424986
9,0.9547273516654968,0.6638315672058004
10,0.8170010447502136,0.6932515337423313
11,0.7003189325332642,0.7267150027886224
12,0.6011879444122314,0.7520914668153932
13,0.5149738788604736,0.7749581706636921
14,0.4432857632637024,0.7923870607919687
15,0.38473373651504517,0.8042387060791969
16,0.33701297640800476,0.8205521472392638
17,0.2966477870941162,0.8340769659788064
18,0.25961482524871826,0.8459286112660346
19,0.2269735336303711,0.8616843279419967
20,0.19949573278427124,0.8750697155605132
21,0.17697304487228394,0.8823201338538762
22,0.15846195816993713,0.8892916899051868
23,0.1423911154270172,0.8961238148354713
24,0.12727278470993042,0.9014221974344674
25,0.11088801920413971,0.9028165086447295
26,0.09691578149795532,0.9104852203011712
27,0.08895963430404663,0.9149470161740101
28,0.07930697500705719,0.9185722253206916
29,0.07115885615348816,0.9196876742889013
30,0.06374261528253555,0.920803123257111
31,0.05676032602787018,0.9230340211935304
32,0.05010098218917847,0.9261015058561071
33,0.044916585087776184,0.9312604573340769
34,0.04136053845286369,0.9346068042387061
35,0.03828653320670128,0.9350250976017848
36,0.035318873822689056,0.9362799776910207
37,0.03303917497396469,0.937813720022309
38,0.03089771419763565,0.9387897378694925
39,0.027201170101761818,0.9411600669269381
40,0.02358650229871273,0.9415783602900167
41,0.02141164429485798,0.9412994980479643
42,0.019914992153644562,0.9426938092582264
43,0.01848968304693699,0.9432515337423313
44,0.01708594150841236,0.9435303959843837
45,0.01579246111214161,0.9435303959843837
46,0.0146493474021554,0.9435303959843837
47,0.013638247735798359,0.9435303959843837
48,0.012710665352642536,0.944366982710541
49,0.01186446100473404,0.945064138315672
50,0.011115781031548977,0.9453430005577245
51,0.010447291657328606,0.9456218627997769
52,0.009839370846748352,0.9467373117679866
53,0.00924160610884428,0.9472950362520914
54,0.008699017576873302,0.9479921918572225
55,0.008161114528775215,0.9481316229782487
56,0.007656892761588097,0.9488287785833798
57,0.00721040228381753,0.949665365309537
58,0.006820757407695055,0.9502230897936419
59,0.006482621189206839,0.9507808142777467
60,0.006187566556036472,0.951617401003904
61,0.005897122900933027,0.9518962632459564
62,0.005564484279602766,0.95287228109314
63,0.005193143617361784,0.95287228109314
64,0.004846708849072456,0.9530117122141663
65,0.004601184278726578,0.9532905744562187
66,0.004430198576301336,0.9535694366982711
67,0.004264435730874538,0.9532905744562187
68,0.004092549905180931,0.9534300055772449
69,0.003914443776011467,0.9544060234244284
70,0.0037530469708144665,0.9545454545454546
71,0.0036021005362272263,0.954824316787507
72,0.003461921587586403,0.9553820412716119
73,0.0033234599977731705,0.9559397657557167
74,0.0031939642503857613,0.9559397657557167
75,0.0030702308285981417,0.9566369213608478
76,0.002950867637991905,0.9573340769659788
77,0.0028361964505165815,0.9577523703290575
78,0.0027256605681031942,0.9580312325711099
79,0.002622059313580394,0.958728388176241
80,0.0025221570394933224,0.9595649749023982
81,0.002428213134407997,0.9595649749023982
82,0.0023377330508083105,0.9595649749023982
83,0.002247903496026993,0.9597044060234244
84,0.002164623001590371,0.9601226993865031
85,0.002085661981254816,0.9602621305075293
86,0.0020071801263839006,0.9602621305075293
87,0.0019354381365701556,0.9605409927495817
88,0.0018675668397918344,0.9605409927495817
89,0.0018037069821730256,0.9604015616285555
90,0.0017418013885617256,0.9606804238706079
91,0.0016829606611281633,0.9606804238706079
92,0.0016254510264843702,0.9609592861126603
93,0.0015715034678578377,0.9610987172336866
94,0.0015206604730337858,0.9612381483547128
95,0.0014724850188940763,0.9615170105967652
96,0.001425895607098937,0.9616564417177914
97,0.0013821967877447605,0.9615170105967652
98,0.0013395078713074327,0.9612381483547128
99,0.0012982490006834269,0.961377579475739
100,0.0012596091255545616,0.961377579475739
101,0.0012219722848385572,0.9615170105967652
102,0.0011853657197207212,0.9616564417177914
103,0.0011507344897836447,0.9616564417177914
104,0.0011171941878274083,0.96207473508087
105,0.0010847903322428465,0.9617958728388176
106,0.0010533144231885672,0.9616564417177914
107,0.0010229150066152215,0.9616564417177914
108,0.0009933399269357324,0.96207473508087
109,0.0009652702137827873,0.9619353039598438
110,0.0009375489898957312,0.9622141662018963
111,0.0009118809248320758,0.9622141662018963
112,0.0008861554670147598,0.9624930284439487
113,0.0008629841613583267,0.9624930284439487
114,0.0008411117014475167,0.9631901840490797
115,0.0008211254607886076,0.9636084774121584
116,0.0008021536050364375,0.9638873396542108
117,0.0007857325836084783,0.9643056330172894
118,0.0007695425883866847,0.9647239263803681
119,0.0007548771100118756,0.9652816508644729
120,0.0007398612215183675,0.9655605131065254
121,0.0007239417755044997,0.9656999442275516
122,0.0007092116284184158,0.9658393753485778
123,0.0006930282106623054,0.9656999442275516
124,0.0006769107421860099,0.9656999442275516
125,0.0006607722025364637,0.9662576687116564
126,0.0006453953101299703,0.9661182375906302
127,0.0006290574674494565,0.9663970998326826
128,0.0006142724887467921,0.9663970998326826
129,0.0005989140481688082,0.9663970998326826
130,0.000584523833822459,0.9663970998326826
131,0.0005705836811102927,0.9662576687116564
132,0.0005567900370806456,0.9663970998326826
133,0.0005431099561974406,0.9663970998326826
134,0.0005302046192809939,0.9665365309537088
135,0.0005174432299099863,0.9665365309537088
136,0.0005051675834693015,0.9665365309537088
137,0.0004930225550197065,0.966675962074735
138,0.000481176539324224,0.966675962074735
139,0.00046964664943516254,0.966675962074735
140,0.00045802106615155935,0.966675962074735
141,0.00044686009641736746,0.966675962074735
142,0.00043617235496640205,0.966675962074735
143,0.00042579611181281507,0.966675962074735
144,0.00041544693522155285,0.9668153931957613
145,0.00040567986434325576,0.966675962074735
146,0.0003958085144404322,0.9668153931957613
147,0.0003867007326334715,0.9665365309537088
148,0.00037780485581606627,0.9663970998326826
149,0.00036916500539518893,0.9663970998326826
150,0.00036072119837626815,0.9665365309537088
151,0.0003521427570376545,0.9665365309537088
152,0.00034437872818671167,0.966675962074735
153,0.00033606227952986956,0.9668153931957613
154,0.0003284381818957627,0.9669548243167875
155,0.0003206695255357772,0.9669548243167875
156,0.00031366050825454295,0.9670942554378137
157,0.00030642381170764565,0.9670942554378137
158,0.00029960882966406643,0.9670942554378137
159,0.000293031451292336,0.9673731176798661
160,0.0002866091672331095,0.9675125488008923
161,0.0002800826041493565,0.9675125488008923
162,0.00027404705178923905,0.9675125488008923
163,0.00026800029445439577,0.9675125488008923
164,0.00026216937112621963,0.9677914110429447
165,0.00025658393860794604,0.9677914110429447
166,0.00025114830350503325,0.9677914110429447
167,0.00024575693532824516,0.9677914110429447
168,0.00024045594909694046,0.967930842163971
169,0.00023551993945147842,0.967930842163971
170,0.00023057271027937531,0.9680702732849972
171,0.00022605051344726235,0.9680702732849972
172,0.00022127949341665953,0.9680702732849972
173,0.00021693682356271893,0.9680702732849972
174,0.0002126185572706163,0.9680702732849972
175,0.00020840061188209802,0.9683491355270496
176,0.00020423215755727142,0.9684885666480758
177,0.00020022409444209188,0.9684885666480758
178,0.0001961823581950739,0.968627997769102
179,0.0001925491524161771,0.968627997769102
180,0.00018879055278375745,0.968627997769102
181,0.00018535336130298674,0.968627997769102
182,0.00018177626770921052,0.9689068600111544
183,0.00017836151528172195,0.9689068600111544
184,0.00017513090278953314,0.9687674288901282
185,0.00017188972560688853,0.9687674288901282
186,0.00016871257685124874,0.9687674288901282
187,0.00016564299585297704,0.9687674288901282
188,0.0001625516451895237,0.968627997769102
189,0.00015945501218084246,0.9683491355270496
190,0.0001566685677971691,0.9684885666480758
191,0.00015370392065960914,0.9684885666480758
192,0.00015101119061000645,0.968627997769102
193,0.0001484827953390777,0.968627997769102
194,0.00014580525748897344,0.968627997769102
195,0.00014334879233501852,0.968627997769102
196,0.00014072339399717748,0.968627997769102
197,0.00013834548008162528,0.9684885666480758
198,0.00013586526620201766,0.9683491355270496
199,0.0001335579581791535,0.9684885666480758
200,0.0001313476823270321,0.9684885666480758
201,0.00012902190792374313,0.9683491355270496
202,0.0001269390049856156,0.9683491355270496
203,0.00012464226165320724,0.9683491355270496
204,0.00012254550529178232,0.9683491355270496
205,0.00012043817696394399,0.9680702732849972
206,0.00011843843094538897,0.967930842163971
207,0.00011640040611382574,0.967930842163971
208,0.00011453199840616435,0.967930842163971
209,0.00011266490764683113,0.967930842163971
210,0.00011081959382863715,0.967930842163971
211,0.0001090178411686793,0.967930842163971
212,0.00010718903649831191,0.967930842163971
213,0.00010539586219238117,0.967930842163971
214,0.00010363700857851654,0.967930842163971
215,0.00010196065704803914,0.967930842163971
216,0.00010024535731645301,0.9680702732849972
217,9.862642036750913e-05,0.9680702732849972
218,9.697910718386993e-05,0.9680702732849972
219,9.55047071329318e-05,0.9680702732849972
220,9.388312901137397e-05,0.9680702732849972
221,9.241796942660585e-05,0.9680702732849972
222,9.09297086764127e-05,0.9680702732849972
223,8.940185216488317e-05,0.9682097044060234
224,8.791821164777502e-05,0.9682097044060234
225,8.649661322124302e-05,0.9682097044060234
226,8.50222131703049e-05,0.9682097044060234
227,8.361578511539847e-05,0.9682097044060234
228,8.235588029492646e-05,0.9682097044060234
229,8.099764090729877e-05,0.9682097044060234
230,7.971990999067202e-05,0.9680702732849972
231,7.835374708520249e-05,0.9680702732849972
232,7.712023943895474e-05,0.9680702732849972
233,7.577388169011101e-05,0.967930842163971
234,7.464992813766003e-05,0.967930842163971
235,7.345800258917734e-05,0.967930842163971
236,7.223769353004172e-05,0.967930842163971
237,7.112166349543259e-05,0.967930842163971
238,6.998253229539841e-05,0.9677914110429447
239,6.887904601171613e-05,0.967930842163971
240,6.7728033172898e-05,0.967930842163971
241,6.671892333542928e-05,0.9677914110429447
242,6.560883048223332e-05,0.9677914110429447
243,6.46096232230775e-05,0.9677914110429447
244,6.359786493703723e-05,0.9677914110429447
245,6.258149369386956e-05,0.9677914110429447
246,6.159811891848221e-05,0.9677914110429447
247,6.0656326240859926e-05,0.967930842163971
248,5.969275298411958e-05,0.967930842163971
249,5.8702120441012084e-05,0.967930842163971
250,5.782500375062227e-05,0.967930842163971
251,5.691356636816636e-05,0.967930842163971
252,5.603051249636337e-05,0.967930842163971
253,5.518705438589677e-05,0.967930842163971
254,5.425977724371478e-05,0.967930842163971
255,5.3453939472092316e-05,0.967930842163971
256,5.26309413544368e-05,0.967930842163971
257,5.186998168937862e-05,0.967930842163971
258,5.103114744997583e-05,0.9680702732849972
259,5.024378697271459e-05,0.967930842163971
260,4.948876812704839e-05,0.9680702732849972
261,4.873440775554627e-05,0.9680702732849972
262,4.80368071293924e-05,0.9682097044060234
263,4.731214721687138e-05,0.9682097044060234
264,4.662246283260174e-05,0.9682097044060234
265,4.5890545152360573e-05,0.9680702732849972
266,4.521934170043096e-05,0.9682097044060234
267,4.454945883480832e-05,0.9682097044060234
268,4.3898056901525706e-05,0.9680702732849972
269,4.3222895328653976e-05,0.9682097044060234
270,4.2536514229141176e-05,0.9683491355270496
271,4.1961011447710916e-05,0.9682097044060234
272,4.136372444918379e-05,0.9684885666480758
273,4.0734103095019236e-05,0.9683491355270496
274,4.01427605538629e-05,0.9684885666480758
275,3.955075590056367e-05,0.9684885666480758
276,3.890793232130818e-05,0.9683491355270496
277,3.841228681267239e-05,0.9683491355270496
278,3.777870369958691e-05,0.9683491355270496
279,3.726391514646821e-05,0.9684885666480758
280,3.670095247798599e-05,0.9684885666480758
281,3.612742875702679e-05,0.9684885666480758
282,3.564498183550313e-05,0.9684885666480758
283,3.5118973755743355e-05,0.968627997769102
284,3.461342930677347e-05,0.9684885666480758
285,3.413098238524981e-05,0.968627997769102
286,3.358319736435078e-05,0.968627997769102
287,3.3148266084026545e-05,0.968627997769102
288,3.2668460335116833e-05,0.9687674288901282
289,3.2164894946618006e-05,0.9687674288901282
290,3.1674528145231307e-05,0.968627997769102
291,3.121517875115387e-05,0.968627997769102
292,3.077365181525238e-05,0.9687674288901282
293,3.0330143999890424e-05,0.9687674288901282
294,2.9895214538555592e-05,0.9689068600111544
295,2.9464246836141683e-05,0.9687674288901282
296,2.905505789385643e-05,0.9689068600111544
297,2.8665008358075283e-05,0.9687674288901282
298,2.827099888236262e-05,0.9690462911321807
299,2.788358870020602e-05,0.9690462911321807
300,2.7507399863679893e-05,0.9690462911321807
301,2.7112730094813742e-05,0.9690462911321807
302,2.667978151293937e-05,0.9693251533742331
303,2.633461008372251e-05,0.9696040156162855
304,2.596832018753048e-05,0.9694645844952593
305,2.5578270651749335e-05,0.9696040156162855
306,2.52515801548725e-05,0.9697434467373117
307,2.4865490559022874e-05,0.9697434467373117
308,2.4529559595976025e-05,0.9700223089793641
309,2.4235867385868914e-05,0.9697434467373117
310,2.3870237782830372e-05,0.9697434467373117
311,2.3560045519843698e-05,0.9700223089793641
312,2.3236654669744894e-05,0.9698828778583379
313,2.2897424059920013e-05,0.9700223089793641
314,2.257535197713878e-05,0.9700223089793641
315,2.2284959413809702e-05,0.9700223089793641
316,2.1948368157609366e-05,0.9700223089793641
317,2.1655336240655743e-05,0.9700223089793641
318,2.138474337698426e-05,0.9701617401003904
319,2.11181104532443e-05,0.9701617401003904
320,2.0810559362871572e-05,0.9701617401003904
321,2.05690066650277e-05,0.9701617401003904
322,2.023109482252039e-05,0.9700223089793641
323,1.9988221538369544e-05,0.9701617401003904
324,1.9745348254218698e-05,0.9701617401003904
325,1.9439115931163542e-05,0.9700223089793641
326,1.917116424010601e-05,0.9701617401003904
327,1.8929609723272733e-05,0.9701617401003904
328,1.864053774625063e-05,0.9701617401003904
329,1.84214241016889e-05,0.9700223089793641
330,1.814291135815438e-05,0.9700223089793641
331,1.7888158254208975e-05,0.9700223089793641
332,1.7661124729784206e-05,0.9700223089793641
333,1.741033156577032e-05,0.9701617401003904
334,1.717405757517554e-05,0.9704406023424428
335,1.695230275799986e-05,0.9704406023424428
336,1.6689629774191417e-05,0.9704406023424428
337,1.6482395949424244e-05,0.970580033463469
338,1.6206524378503673e-05,0.970580033463469
339,1.59794890350895e-05,0.9707194645844952
340,1.5755094864289276e-05,0.9708588957055214
341,1.5538622392341495e-05,0.9708588957055214
342,1.531026828160975e-05,0.9709983268265476
343,1.508323384769028e-05,0.9709983268265476
344,1.4903718692949042e-05,0.9709983268265476
345,1.4662165085610468e-05,0.9709983268265476
346,1.4481330254056957e-05,0.9711377579475738
347,1.4274095519795083e-05,0.9711377579475738
348,1.4087980162003078e-05,0.9714166201896264
349,1.3875466720492113e-05,0.971834913552705
350,1.368143148283707e-05,0.971834913552705
351,1.3482116628438234e-05,0.971834913552705
352,1.333428099314915e-05,0.971834913552705
353,1.3152125575288665e-05,0.9716954824316788
354,1.292773140448844e-05,0.9716954824316788
355,1.2752176189678721e-05,0.9716954824316788
356,1.2585861441039015e-05,0.971834913552705
357,1.242614507646067e-05,0.9719743446737312
358,1.224135030497564e-05,0.9719743446737312
359,1.2072395293216687e-05,0.9719743446737312
360,1.1886279935424682e-05,0.9721137757947574
361,1.1702804840751924e-05,0.9719743446737312
362,1.1537808859429788e-05,0.9721137757947574
363,1.141373286372982e-05,0.9721137757947574
364,1.1250057468714658e-05,0.9722532069157837
365,1.1094301044067834e-05,0.9721137757947574
366,1.0931945325864945e-05,0.9721137757947574
367,1.080522906704573e-05,0.9721137757947574
368,1.0656072845449671e-05,0.9721137757947574
369,1.0498997653485276e-05,0.9721137757947574
370,1.0373601071478333e-05,0.9722532069157837
371,1.0225764526694547e-05,0.9722532069157837
372,1.0080568245030008e-05,0.9722532069157837
373,9.930092346621677e-06,0.9723926380368099
374,9.809975381358527e-06,0.9723926380368099
375,9.675339242676273e-06,0.9723926380368099
376,9.552582923788577e-06,0.9723926380368099
377,9.440385838388465e-06,0.9725320691578361
378,9.311029316450004e-06,0.9723926380368099
379,9.188272997562308e-06,0.9725320691578361
380,9.062875506060664e-06,0.9725320691578361
381,8.957278623711318e-06,0.9723926380368099
382,8.835841981635895e-06,0.9723926380368099
383,8.732884452911094e-06,0.9723926380368099
384,8.618048013886437e-06,0.9723926380368099
385,8.511130545230117e-06,0.9723926380368099
386,8.385733963223174e-06,0.9723926380368099
387,8.286736374429893e-06,0.9723926380368099
388,8.177179552149028e-06,0.9723926380368099
389,8.084782166406512e-06,0.9723926380368099
390,7.980504960869439e-06,0.9725320691578361
391,7.885467312007677e-06,0.9726715002788623
392,7.774590812914539e-06,0.9726715002788623
393,7.65975346439518e-06,0.9726715002788623
394,7.569996341771912e-06,0.9726715002788623
395,7.477598501282046e-06,0.9726715002788623
396,7.395760803774465e-06,0.9726715002788623
397,7.284883849933976e-06,0.9726715002788623
398,7.172686764533864e-06,0.9726715002788623
399,7.085568995535141e-06,0.9726715002788623
400,6.999771358096041e-06,0.9726715002788623
401,6.898134415678214e-06,0.9726715002788623
402,6.828176083217841e-06,0.9726715002788623
403,6.733138889103429e-06,0.9726715002788623
404,6.636781108682044e-06,0.9728109313998885
405,6.5443837229395285e-06,0.9728109313998885
406,6.473105713666882e-06,0.9728109313998885
407,6.3965476329030935e-06,0.9728109313998885
408,6.30942986390437e-06,0.9728109313998885
409,6.2341919147002045e-06,0.9728109313998885
410,6.149714408820728e-06,0.9728109313998885
411,6.079756076360354e-06,0.9728109313998885
412,5.9979183788527735e-06,0.9728109313998885
413,5.918720489717089e-06,0.9728109313998885
414,5.8593223002390005e-06,0.9728109313998885
415,5.780124411103316e-06,0.9728109313998885
416,5.711486210202565e-06,0.9728109313998885
417,5.629648512694985e-06,0.9729503625209147
418,5.566289928538026e-06,0.9729503625209147
419,5.51217135580373e-06,0.9729503625209147
420,5.440893346531084e-06,0.9730897936419409
421,5.359055649023503e-06,0.9730897936419409
422,5.281177891447442e-06,0.9732292247629671
423,5.229699127085041e-06,0.9732292247629671
424,5.163700734556187e-06,0.9732292247629671
425,5.09638266521506e-06,0.9732292247629671
426,5.040944415668491e-06,0.9732292247629671
427,4.9617465265328065e-06,0.9732292247629671
428,4.906307822238887e-06,0.9732292247629671
429,4.812590304936748e-06,0.9732292247629671
430,4.759791863762075e-06,0.9732292247629671
431,4.68059397462639e-06,0.9733686558839934
432,4.619875653588679e-06,0.9733686558839934
433,4.5749966375296935e-06,0.9733686558839934
434,4.540677764452994e-06,0.9733686558839934
435,4.468079623620724e-06,0.9735080870050196
436,4.425840870680986e-06,0.9736475181260458
437,4.363802418083651e-06,0.9736475181260458
438,4.31628359365277e-06,0.9736475181260458
439,4.262165020918474e-06,0.973786949247072
440,4.2027668314403854e-06,0.973786949247072
441,4.156568138569128e-06,0.973786949247072
442,4.0998097574629355e-06,0.973786949247072
443,4.04173124479712e-06,0.973786949247072
444,3.984972863690928e-06,0.973786949247072
445,3.930854290956631e-06,0.9740658114891244
446,3.888615083269542e-06,0.9742052426101506
447,3.838456450466765e-06,0.9740658114891244
448,3.793577889155131e-06,0.9742052426101506
449,3.7566187529591843e-06,0.9742052426101506
450,3.7091001559019787e-06,0.9742052426101506
451,3.682700707940967e-06,0.9742052426101506
452,3.6259423268347746e-06,0.9742052426101506
453,3.579743633963517e-06,0.9742052426101506
454,3.5335449410922593e-06,0.9742052426101506
455,3.499225840641884e-06,0.9742052426101506
456,3.44378736372164e-06,0.9742052426101506
457,3.39890857503633e-06,0.9742052426101506
458,3.351389750605449e-06,0.9742052426101506
459,3.3249905300181126e-06,0.9742052426101506
460,3.2919913337536855e-06,0.9742052426101506
461,3.249752580813947e-06,0.9742052426101506
462,3.2101536362461047e-06,0.9742052426101506
463,3.167914655932691e-06,0.9742052426101506
464,3.137555495413835e-06,0.9742052426101506
465,3.1058764307090314e-06,0.9742052426101506
466,3.0636374503956176e-06,0.9742052426101506
467,3.01743875752436e-06,0.9742052426101506
468,2.9778398129565176e-06,0.9742052426101506
469,2.9448406166920904e-06,0.9742052426101506
470,2.9078817078698194e-06,0.9742052426101506
471,2.884122295654379e-06,0.9742052426101506
472,2.847163386832108e-06,0.9742052426101506
473,2.819444034685148e-06,0.9742052426101506
474,2.7811649943032535e-06,0.9742052426101506
475,2.7442060854809824e-06,0.9742052426101506
476,2.705927045099088e-06,0.974484104852203
477,2.6861275728151668e-06,0.974484104852203
478,2.6425689156894805e-06,0.9746235359732293
479,2.6148495635425206e-06,0.9746235359732293
480,2.588450342955184e-06,0.9746235359732293
481,2.5646909307397436e-06,0.9746235359732293
482,2.547531494201394e-06,0.9746235359732293
483,2.5158522021229146e-06,0.9746235359732293
484,2.4788932933006436e-06,0.9746235359732293
485,2.4472140012221644e-06,0.9746235359732293
486,2.4168548407033086e-06,0.9746235359732293
487,2.3785760276950896e-06,0.9747629670942555
488,2.3614163637830643e-06,0.9749023982152817
489,2.340296987313195e-06,0.9747629670942555
490,2.307297791048768e-06,0.9749023982152817
491,2.271658786412445e-06,0.9749023982152817
492,2.2531792183144717e-06,0.9749023982152817
493,2.2241401893552393e-06,0.9749023982152817
494,2.208300429629162e-06,0.9749023982152817
495,2.185861148973345e-06,0.9749023982152817
496,2.1489022401510738e-06,0.9749023982152817
497,2.127782636307529e-06,0.9749023982152817
498,2.1119431039551273e-06,0.9749023982152817
499,2.085543883367791e-06,0.9749023982152817
500,2.055184722848935e-06,0.9750418293363079
501,2.035385250565014e-06,0.9750418293363079
502,2.0129457425355213e-06,0.9750418293363079
503,1.990506461879704e-06,0.9750418293363079
504,1.977306737899198e-06,0.9750418293363079
505,1.9495873857522383e-06,0.9750418293363079
506,1.9192282252333825e-06,0.9750418293363079
507,1.900748770822247e-06,0.9750418293363079
508,1.8624698441271903e-06,0.9750418293363079
509,1.8439903897160548e-06,0.9750418293363079
510,1.8228708995593479e-06,0.9751812604573341
511,1.8096712892656797e-06,0.9751812604573341
512,1.7806320329327718e-06,0.9751812604573341
513,1.7608325606488506e-06,0.9751812604573341
514,1.7423531062377151e-06,0.9753206915783603
515,1.722553633953794e-06,0.9753206915783603
516,1.7027541616698727e-06,0.9753206915783603
517,1.6789947494544322e-06,0.9753206915783603
518,1.6631552171020303e-06,0.9753206915783603
519,1.6446757626908948e-06,0.9753206915783603
520,1.6288361166516552e-06,0.9753206915783603
521,1.6050768181230524e-06,0.9751812604573341
522,1.5852773458391312e-06,0.9751812604573341
523,1.5747175439173589e-06,0.9751812604573341
524,1.550958245388756e-06,0.9751812604573341
525,1.5337986951635685e-06,0.9754601226993865
526,1.5205990848699003e-06,0.9753206915783603
527,1.5060794567034463e-06,0.9754601226993865
528,1.4810001403020578e-06,0.9754601226993865
529,1.4757202961845906e-06,0.9754601226993865
530,1.4546008060278837e-06,0.9755995538204127
531,1.437441255802696e-06,0.9754601226993865
532,1.4242416455090279e-06,0.9755995538204127
533,1.409722017342574e-06,0.9755995538204127
534,1.3912425629314384e-06,0.9755995538204127
535,1.3727629948334652e-06,0.975738984941439
536,1.3622033065985306e-06,0.975738984941439
537,1.3410839301286614e-06,0.975738984941439
538,1.3278842061481555e-06,0.975738984941439
539,1.3120446737957536e-06,0.975738984941439
540,1.3001649676880334e-06,0.975738984941439
541,1.288285261580313e-06,0.975738984941439
542,1.2684857892963919e-06,0.975738984941439
543,1.251326352758042e-06,0.975738984941439
544,1.2407665508362697e-06,0.9758784160624652
545,1.2302068626013352e-06,0.9758784160624652
546,1.210407390317414e-06,0.9760178471834914
547,1.1972077800237457e-06,0.9760178471834914
548,1.1826881518572918e-06,0.9760178471834914
549,1.1655286016321043e-06,0.9760178471834914
550,1.153648895524384e-06,0.9760178471834914
551,1.1417693031035014e-06,0.9760178471834914
552,1.1206498129467946e-06,0.9761572783045176
553,1.1153699688293273e-06,0.9761572783045176
554,1.102170358535659e-06,0.9761572783045176
555,1.0902906524279388e-06,0.9761572783045176
556,1.0810508683789521e-06,0.9761572783045176
557,1.0691711622712319e-06,0.9762967094255438
558,1.0559715519775636e-06,0.97643614054657
559,1.045411863742629e-06,0.97643614054657
560,1.0335321576349088e-06,0.97643614054657
561,1.0242923735859222e-06,0.9767150027886224
562,1.0058129191747867e-06,0.9767150027886224
563,9.992130571845337e-07,0.9767150027886224
564,9.912932910083327e-07,0.9767150027886224
565,9.807336027733982e-07,0.9768544339096487
566,9.714938187244115e-07,0.9768544339096487
567,9.714938187244115e-07,0.9768544339096487
568,9.635740525482106e-07,0.9768544339096487
569,9.569741905579576e-07,0.9768544339096487
570,9.490544243817567e-07,0.9768544339096487
571,9.384947361468221e-07,0.9768544339096487
572,9.279349910684687e-07,0.9768544339096487
573,9.213351859216345e-07,0.9768544339096487
574,9.134154197454336e-07,0.9768544339096487
575,9.04175635696447e-07,0.9768544339096487
576,8.936159474615124e-07,0.9768544339096487
577,8.843761634125258e-07,0.9769938650306749
578,8.738164751775912e-07,0.9769938650306749
579,8.645766911286046e-07,0.9769938650306749
580,8.579768859817705e-07,0.9768544339096487
581,8.487371587762027e-07,0.9769938650306749
582,8.421372967859497e-07,0.9769938650306749
583,8.32897569580382e-07,0.9769938650306749
584,8.302576475216483e-07,0.9769938650306749
585,8.236578423748142e-07,0.9769938650306749
586,8.117781362670939e-07,0.9769938650306749
587,8.025384090615262e-07,0.9769938650306749
588,7.840588978069718e-07,0.9769938650306749
589,7.82738936777605e-07,0.9771332961517011
590,7.708592306698847e-07,0.9772727272727273
591,7.61619503464317e-07,0.9771332961517011
592,7.55019641474064e-07,0.9771332961517011
593,7.510597583859635e-07,0.9771332961517011
594,7.418200311803957e-07,0.9772727272727273
595,7.391801091216621e-07,0.9769938650306749
596,7.365401870629285e-07,0.9772727272727273
597,7.273004030139418e-07,0.9774121583937535
598,7.180606758083741e-07,0.9774121583937535
599,7.141007927202736e-07,0.9772727272727273
600,7.088208917593875e-07,0.9771332961517011
601,7.022210866125533e-07,0.9772727272727273
602,7.04861008671287e-07,0.9774121583937535
603,6.96941242495086e-07,0.9774121583937535
604,6.956212814657192e-07,0.9774121583937535
605,6.903413805048331e-07,0.9774121583937535
606,6.811016532992653e-07,0.9774121583937535
607,6.75821809181798e-07,0.9774121583937535
608,6.718619260936975e-07,0.9774121583937535
609,6.652620641034446e-07,0.9774121583937535
610,6.586622589566105e-07,0.9774121583937535
611,6.573422979272436e-07,0.9774121583937535
612,6.520624538097763e-07,0.9774121583937535
613,6.494225317510427e-07,0.9774121583937535
614,6.481025707216759e-07,0.9774121583937535
615,6.388627866726893e-07,0.9775515895147797
616,6.33582942555222e-07,0.9778304517568321
617,6.230231974768685e-07,0.9778304517568321
618,6.19063314388768e-07,0.9776910206358059
619,6.137834702713008e-07,0.9778304517568321
620,6.058637040950998e-07,0.9781093139988846
621,5.953039590167464e-07,0.9781093139988846
622,5.873841928405454e-07,0.9782487451199108
623,5.781444087915588e-07,0.9782487451199108
624,5.702246426153579e-07,0.9782487451199108
625,5.675847205566242e-07,0.978388176240937
626,5.609849154097901e-07,0.9782487451199108
627,5.517451313608035e-07,0.9782487451199108
628,5.464652872433362e-07,0.9786670384829894
629,5.47785248272703e-07,0.9785276073619632
630,5.372255600377684e-07,0.9786670384829894
631,5.345855811356159e-07,0.9786670384829894
632,5.279857759887818e-07,0.9786670384829894
633,5.279857759887818e-07,0.9786670384829894
634,5.174260877538472e-07,0.9786670384829894
635,5.200660098125809e-07,0.9786670384829894
636,5.121461867929611e-07,0.9788064696040156
637,5.015864985580265e-07,0.9786670384829894
638,4.949866934111924e-07,0.9789459007250418
639,4.936667323818256e-07,0.9788064696040156
640,4.870668703915726e-07,0.979085331846068
641,4.870668703915726e-07,0.9789459007250418
642,4.804670652447385e-07,0.9792247629670943
643,4.765071537349286e-07,0.9792247629670943
644,4.725472706468281e-07,0.9793641940881205
645,4.6990734858809446e-07,0.9795036252091467
646,4.6858738755872764e-07,0.9796430563301729
647,4.65947465499994e-07,0.9796430563301729
648,4.65947465499994e-07,0.9796430563301729
649,4.5934763193145045e-07,0.9796430563301729
650,4.567077098727168e-07,0.9796430563301729
651,4.5010787630417326e-07,0.9796430563301729
652,4.474679542454396e-07,0.9796430563301729
653,4.468079737307562e-07,0.9796430563301729
654,4.454880127013894e-07,0.9796430563301729
655,4.382281986181624e-07,0.9796430563301729
656,4.355882765594288e-07,0.9796430563301729
657,4.329483260789857e-07,0.9796430563301729
658,4.276684819615184e-07,0.9796430563301729
659,4.2106864839297486e-07,0.9796430563301729
660,4.171087653048744e-07,0.9796430563301729
661,4.1050893173633085e-07,0.9796430563301729
662,4.0522908761886356e-07,0.9796430563301729
663,3.979692735356366e-07,0.9797824874511991
664,3.926894294181693e-07,0.9797824874511991
665,3.9004950735943567e-07,0.9799219185722253
666,3.834496737908921e-07,0.9797824874511991
667,3.834496737908921e-07,0.9799219185722253
668,3.808097517321585e-07,0.9800613496932515
669,3.808097517321585e-07,0.9799219185722253
670,3.7420991816361493e-07,0.980340211935304
671,3.7025003507551446e-07,0.980340211935304
672,3.676101130167808e-07,0.9802007808142778
673,3.6497016253633774e-07,0.9806190741773564
674,3.6497016253633774e-07,0.9806190741773564
675,3.5573040690906055e-07,0.9807585052983826
676,3.570503963601368e-07,0.9808979364194088
677,3.524305043356435e-07,0.9808979364194088
678,3.4979058227690984e-07,0.9808979364194088
679,3.478106407328596e-07,0.9808979364194088
680,3.4517069025241653e-07,0.9808979364194088
681,3.365909435615322e-07,0.981037367540435
682,3.359309630468488e-07,0.981037367540435
683,3.365909435615322e-07,0.9811767986614612
684,3.332910125664057e-07,0.981037367540435
685,3.3131107102235546e-07,0.981037367540435
686,3.2933112947830523e-07,0.981037367540435
687,3.2933112947830523e-07,0.9811767986614612
688,3.286711489636218e-07,0.9811767986614612
689,3.2537124639020476e-07,0.9811767986614612
690,3.2207131539507827e-07,0.9811767986614612
691,3.16791471277611e-07,0.9811767986614612
692,3.1481152973356075e-07,0.9813162297824874
693,3.1481152973356075e-07,0.9811767986614612
694,3.09531657194384e-07,0.9813162297824874
695,3.068917351356504e-07,0.9814556609035137
696,3.035918325622333e-07,0.9814556609035137
697,3.022718715328665e-07,0.9814556609035137
698,3.035918325622333e-07,0.9814556609035137
699,2.996319210524234e-07,0.9813162297824874
700,2.9633201847900636e-07,0.9814556609035137
701,2.930321159055893e-07,0.9814556609035137
702,2.8940220886397583e-07,0.9815950920245399
703,2.8148241426606546e-07,0.9815950920245399
704,2.847823168394825e-07,0.9815950920245399
705,2.8610230629055877e-07,0.9817345231455661
706,2.8643228233704576e-07,0.9818739542665923
707,2.8148241426606546e-07,0.9818739542665923
708,2.788424922073318e-07,0.9818739542665923
709,2.7554258963391476e-07,0.9820133853876185
710,2.7587256568040175e-07,0.9821528165086447
711,2.738926241363515e-07,0.9821528165086447
712,2.732326436216681e-07,0.9822922476296709
713,2.719126825923013e-07,0.9824316787506971
714,2.676227950360044e-07,0.9824316787506971
715,2.6564285349195416e-07,0.9824316787506971
716,2.6597282953844115e-07,0.9824316787506971
717,2.696027365800546e-07,0.9824316787506971
718,2.655603452694777e-07,0.9824316787506971
719,2.6853027179640776e-07,0.9825711098717234
720,2.6440537226335437e-07,0.9825711098717234
721,2.5607309339648054e-07,0.9828499721137758
722,2.601154847070575e-07,0.9828499721137758
723,2.6292042321074405e-07,0.982989403234802
724,2.6209545467281714e-07,0.9828499721137758
725,2.6036298095277743e-07,0.9827105409927496
726,2.554956211042736e-07,0.9828499721137758
727,2.5302068706878345e-07,0.982989403234802
728,2.5384565560671035e-07,0.982989403234802
729,2.462558654769964e-07,0.9828499721137758
730,2.427084666578594e-07,0.982989403234802
731,2.427084666578594e-07,0.982989403234802
732,2.409760213595291e-07,0.982989403234802
733,2.3883106337052595e-07,0.982989403234802
734,2.3181875974387367e-07,0.982989403234802
735,2.3289122452752054e-07,0.982989403234802
736,2.2926133169676177e-07,0.982989403234802
737,2.3016879424631043e-07,0.982989403234802
738,2.2959132195410348e-07,0.982989403234802
739,2.2860133697122365e-07,0.9831288343558282
740,2.2678639766127162e-07,0.982989403234802
741,2.2546642242105008e-07,0.982989403234802
742,2.2233150787087652e-07,0.9828499721137758
743,2.2158903334457136e-07,0.982989403234802
744,2.2043406033844803e-07,0.982989403234802
745,2.1820662254867784e-07,0.982989403234802
746,2.1531920424422424e-07,0.982989403234802
747,2.1358674473503925e-07,0.9831288343558282
748,2.1251427995139238e-07,0.982989403234802
749,2.1102931668792735e-07,0.9831288343558282
750,2.0789440213775379e-07,0.9831288343558282
751,2.0558447033636185e-07,0.9831288343558282
752,2.0079959028862504e-07,0.9831288343558282
753,1.9758218172682973e-07,0.9831288343558282
754,1.9824216224151314e-07,0.9831288343558282
755,1.9485975144561962e-07,0.9831288343558282
756,1.9238481741012947e-07,0.9831288343558282
757,1.8933239687157766e-07,0.9831288343558282
758,1.889199126026142e-07,0.9831288343558282
759,1.8710495908180746e-07,0.9831288343558282
760,1.8405253854325565e-07,0.982989403234802
761,1.8256758949064533e-07,0.9832682654768544
762,1.8100013221555855e-07,0.9832682654768544
763,1.790201764606536e-07,0.9832682654768544
764,1.7605026414457825e-07,0.9832682654768544
765,1.7431780463539326e-07,0.9832682654768544
766,1.716778825766596e-07,0.9832682654768544
767,1.6936793656441296e-07,0.9832682654768544
768,1.659030317568977e-07,0.9831288343558282
769,1.6210813669204072e-07,0.9832682654768544
770,1.6169565242307726e-07,0.9832682654768544
771,1.5674578435209696e-07,0.9831288343558282
772,1.5674578435209696e-07,0.9831288343558282
773,1.5484833681966848e-07,0.9832682654768544
774,1.4923847402315005e-07,0.9832682654768544
775,1.4767101674806327e-07,0.9831288343558282
776,1.4742353471319802e-07,0.9832682654768544
777,1.467635541985146e-07,0.9834076965978806
778,1.4519608271257312e-07,0.9834076965978806
779,1.4024622885244753e-07,0.9835471277189068
780,1.387612655889825e-07,0.9836865588399331
781,1.3546134880471072e-07,0.9838259899609593
782,1.3405889376372215e-07,0.9838259899609593
783,1.2770655644089857e-07,0.9838259899609593
784,1.2737656618355686e-07,0.9838259899609593
785,1.272940721719351e-07,0.9838259899609593
786,1.215192213521732e-07,0.9839654210819855
787,1.1854930903609784e-07,0.9838259899609593
788,1.213542333289297e-07,0.9841048522030117
789,1.235816711186999e-07,0.9843837144450641
790,1.242416516333833e-07,0.9845231455660903
791,1.3298641476922057e-07,0.9846625766871165
792,1.3727630232551746e-07,0.984941438929169
793,1.498159605262117e-07,0.9854991634132738
794,1.484959994968449e-07,0.9856385945343
795,1.5707577460943867e-07,0.9854991634132738
796,1.7951516895209352e-07,0.9860568878973787
797,2.191140993090812e-07,0.9866146123814835
798,2.534331713377469e-07,0.9852203011712214
799,2.745526046510349e-07,0.9817345231455661
800,7.522127151489258,0.2960122699386503
801,4.370767593383789,0.7417735638594535
802,0.5468272566795349,0.8519241494701617
803,0.017944151535630226,0.9425543781372002
804,0.006848638877272606,0.964026770775237
805,0.005631600506603718,0.9644450641383157
806,0.004674210678786039,0.9662576687116564
807,0.0040598297491669655,0.9663970998326826
808,0.003485070774331689,0.9672336865588399
809,0.002991318702697754,0.9675125488008923
810,0.002546521369367838,0.9675125488008923
811,0.00216690800152719,0.9670942554378137
812,0.001841712393797934,0.9669548243167875
813,0.00157531863078475,0.9680702732849972
814,0.0013494376325979829,0.9682097044060234
815,0.001157998340204358,0.9680702732849972
816,0.0010038117179647088,0.9680702732849972
817,0.0008719451143406332,0.9683491355270496
818,0.0007706513279117644,0.9687674288901282
819,0.0006839320994913578,0.9689068600111544
820,0.0006129108369350433,0.9693251533742331
821,0.0005553100490942597,0.9694645844952593
822,0.0005072912317700684,0.9697434467373117
823,0.0004663734289351851,0.9703011712214166
824,0.0004315403930377215,0.970580033463469
825,0.00040190891013480723,0.9707194645844952
826,0.0003759981773328036,0.9708588957055214
827,0.0003517580626066774,0.9711377579475738
828,0.0003309927706141025,0.9712771890686002
829,0.00031113659497350454,0.9714166201896264
830,0.00029314527637325227,0.9715560513106526
831,0.0002780092181637883,0.9715560513106526
832,0.000263500667642802,0.9715560513106526
833,0.00025126777472905815,0.9716954824316788
834,0.00023928002337925136,0.971834913552705
835,0.0002286691014887765,0.9719743446737312
836,0.00021862940047867596,0.9721137757947574
837,0.00020970530749764293,0.9722532069157837
838,0.00020087911980226636,0.9725320691578361
839,0.0001933654712047428,0.9723926380368099
840,0.00018602806085254997,0.9725320691578361
841,0.0001792821567505598,0.9725320691578361
842,0.0001717730046948418,0.9726715002788623
843,0.00016531888104509562,0.9726715002788623
844,0.00015895067190285772,0.9726715002788623
845,0.000152910259203054,0.9726715002788623
846,0.00014657982683274895,0.9728109313998885
847,0.00014101140550337732,0.9726715002788623
848,0.0001353994884993881,0.9726715002788623
849,0.00013014143041800708,0.9725320691578361
850,0.0001251601497642696,0.9725320691578361
851,0.00012029537174385041,0.9725320691578361
852,0.0001158699524239637,0.9726715002788623
853,0.00011147958866786212,0.9726715002788623
854,0.00010741609003162012,0.9726715002788623
855,0.00010337988351238891,0.9726715002788623
856,9.988272358896211e-05,0.9726715002788623
857,9.638456685934216e-05,0.9728109313998885
858,9.310173481935635e-05,0.9728109313998885
859,8.979571430245414e-05,0.9728109313998885
860,8.646513742860407e-05,0.9736475181260458
861,8.441663521807641e-05,0.9728109313998885
862,8.176235860446468e-05,0.9722532069157837
863,7.905560778453946e-05,0.9722532069157837
864,7.653715874766931e-05,0.9721137757947574
865,7.42830743547529e-05,0.9721137757947574
866,7.209910836536437e-05,0.9719743446737312
867,6.999121978878975e-05,0.9721137757947574
868,6.796182424295694e-05,0.9722532069157837
869,6.607671093661338e-05,0.9721137757947574
870,6.417068652808666e-05,0.9722532069157837
871,6.249705620575696e-05,0.9723926380368099
872,6.074546399759129e-05,0.9725320691578361
873,5.904172212467529e-05,0.9725320691578361
874,5.743316069128923e-05,0.9725320691578361
875,5.584722021012567e-05,0.9725320691578361
876,5.436102583189495e-05,0.9725320691578361
877,5.2905259508406743e-05,0.9726715002788623
878,5.1514780352590606e-05,0.9729503625209147
879,5.017757575842552e-05,0.9729503625209147
880,4.887999966740608e-05,0.9730897936419409
881,4.7653011279180646e-05,0.9732292247629671
882,4.644322325475514e-05,0.9732292247629671
883,4.53708998975344e-05,0.9733686558839934
884,4.428599277161993e-05,0.9733686558839934
885,4.329709190642461e-05,0.9735080870050196
886,4.2325849790358916e-05,0.9736475181260458
887,4.142324178246781e-05,0.973786949247072
888,4.052358417538926e-05,0.973786949247072
889,3.963757990277372e-05,0.973786949247072
890,3.879370342474431e-05,0.973786949247072
891,3.7977730244165286e-05,0.973786949247072
892,3.719028609339148e-05,0.9739263803680982
893,3.644039315986447e-05,0.9739263803680982
894,3.5696262784767896e-05,0.9739263803680982
895,3.501303217490204e-05,0.9740658114891244
896,3.43267347489018e-05,0.9740658114891244
897,3.3680036722216755e-05,0.9740658114891244
898,3.3029380574589595e-05,0.9742052426101506
899,3.240471050958149e-05,0.9742052426101506
900,3.179734630975872e-05,0.9742052426101506
901,3.1202125683194026e-05,0.9742052426101506
902,3.062769610551186e-05,0.9742052426101506
903,3.0056356990826316e-05,0.9742052426101506
904,2.951592432509642e-05,0.9742052426101506
905,2.8998170819249935e-05,0.9742052426101506
906,2.8481001209001988e-05,0.9742052426101506
907,2.799137291731313e-05,0.9742052426101506
908,2.749226041487418e-05,0.9742052426101506
909,2.7012949431082234e-05,0.9743446737311768
910,2.6540154067333788e-05,0.974484104852203
911,2.6071484171552584e-05,0.974484104852203
912,2.5636813006713055e-05,0.974484104852203
913,2.5201390599249862e-05,0.974484104852203
914,2.4769948140601628e-05,0.9746235359732293
915,2.436752401990816e-05,0.9746235359732293
916,2.3954786229296587e-05,0.9746235359732293
917,2.355921060370747e-05,0.9746235359732293
918,2.313434742973186e-05,0.9746235359732293
919,2.274925645906478e-05,0.9746235359732293
920,2.2372985768015496e-05,0.9746235359732293
921,2.2019647076376714e-05,0.9746235359732293
922,2.166509148082696e-05,0.9746235359732293
923,2.1314064724720083e-05,0.9749023982152817
924,2.0979041437385604e-05,0.9749023982152817
925,2.0655979824368842e-05,0.9750418293363079
926,2.031295298365876e-05,0.9750418293363079
927,2.0003586541861296e-05,0.9750418293363079
928,1.9692735804710537e-05,0.9750418293363079
929,1.9373963368707336e-05,0.9750418293363079
930,1.9071856513619423e-05,0.9750418293363079
931,1.8786167856887914e-05,0.9750418293363079
932,1.8506823835195974e-05,0.9750418293363079
933,1.8206366803497076e-05,0.9750418293363079
934,1.7941807527677156e-05,0.9750418293363079
935,1.7677899450063705e-05,0.9750418293363079
936,1.7401407603756525e-05,0.9750418293363079
937,1.7157131878775544e-05,0.9750418293363079
938,1.6891490304260515e-05,0.9750418293363079
939,1.6653808415867388e-05,0.9750418293363079
940,1.640615300857462e-05,0.9750418293363079
941,1.6170621165656485e-05,0.9750418293363079
942,1.5936248018988408e-05,0.9750418293363079
943,1.571573011460714e-05,0.9750418293363079
944,1.548630461911671e-05,0.9750418293363079
945,1.5284846085705794e-05,0.9749023982152817
946,1.5068207176227588e-05,0.9749023982152817
947,1.487013196310727e-05,0.9749023982152817
948,1.4657204701506998e-05,0.9749023982152817
949,1.4457395081990398e-05,0.9749023982152817
950,1.4250490494305268e-05,0.9749023982152817
951,1.4062560694583226e-05,0.9749023982152817
952,1.387413612974342e-05,0.9750418293363079
953,1.368736138829263e-05,0.9751812604573341
954,1.3500173736247234e-05,0.9751812604573341
955,1.3308861525729299e-05,0.9751812604573341
956,1.3125056284479797e-05,0.9750418293363079
957,1.294060166401323e-05,0.9750418293363079
958,1.2774698916473426e-05,0.9750418293363079
959,1.2605248230102006e-05,0.9750418293363079
960,1.2435797543730587e-05,0.9750418293363079
961,1.227476150233997e-05,0.9750418293363079
962,1.2113231605326291e-05,0.9750418293363079
963,1.1954338333453052e-05,0.9751812604573341
964,1.1806998372776434e-05,0.9751812604573341
965,1.1653057299554348e-05,0.9753206915783603
966,1.1509181604196783e-05,0.9753206915783603
967,1.1354001799190883e-05,0.9753206915783603
968,1.1220519809285179e-05,0.9753206915783603
969,1.1082668606832158e-05,0.9753206915783603
970,1.0937307706626598e-05,0.9754601226993865
971,1.080432139133336e-05,0.9754601226993865
972,1.0675872545107268e-05,0.9754601226993865
973,1.0545690201979596e-05,0.9754601226993865
974,1.0425243999634404e-05,0.9754601226993865
975,1.0294236744812224e-05,0.9754601226993865
976,1.0172636393690482e-05,0.9754601226993865
977,1.0046909665106796e-05,0.9754601226993865
978,9.934465197147802e-06,0.9754601226993865
979,9.820948434935417e-06,0.9754601226993865
980,9.707596291264053e-06,0.9754601226993865
981,9.599193617759738e-06,0.9754601226993865
982,9.483862413617317e-06,0.9754601226993865
983,9.373149623570498e-06,0.9754601226993865
984,9.25814856600482e-06,0.9754601226993865
985,9.143558600044344e-06,0.9754601226993865
986,9.035568837134633e-06,0.9754601226993865
987,8.924939720600378e-06,0.9754601226993865
988,8.824952601571567e-06,0.9754601226993865
989,8.724387953407131e-06,0.9754601226993865
990,8.61945045471657e-06,0.9754601226993865
991,8.520618393959012e-06,0.9754601226993865
992,8.428550245298538e-06,0.9754601226993865
993,8.326088391186204e-06,0.9754601226993865
994,8.229483682953287e-06,0.9754601226993865
995,8.127186447381973e-06,0.9754601226993865
996,8.037428415264003e-06,0.9754601226993865
997,7.94635070633376e-06,0.9754601226993865
998,7.853788702050224e-06,0.9755995538204127
999,7.764196197967976e-06,0.9755995538204127
1000,7.670313607377466e-06,0.9755995538204127
1001,7.581710633530747e-06,0.9755995538204127
1002,7.486343292839592e-06,0.9755995538204127
1003,7.417952929245075e-06,0.9755995538204127
1004,7.313923106266884e-06,0.9755995538204127
1005,7.2527923293819185e-06,0.9755995538204127
1006,7.154207196435891e-06,0.9755995538204127
1007,7.0871365096536465e-06,0.9755995538204127
1008,6.990284418861847e-06,0.9755995538204127
1009,6.933278200449422e-06,0.9755995538204127
1010,6.83419830238563e-06,0.9755995538204127
