samp_id,label
1,6
2,5
3,10
4,0
5,3
6,21
7,10
8,14
9,3
10,7
11,8
12,8
13,24
14,12
15,7
16,4
17,22
18,0
19,7
20,7
21,2
22,0
23,21
24,4
25,10
26,10
27,2
28,15
29,7
30,20
31,7
32,0
33,0
34,19
35,3
36,21
37,0
38,3
39,18
40,14
41,15
42,23
43,8
44,3
45,14
46,5
47,22
48,4
49,23
50,18
51,20
52,17
53,3
54,5
55,16
56,16
57,21
58,4
59,6
60,21
61,10
62,18
63,11
64,22
65,2
66,10
67,17
68,4
69,12
70,4
71,20
72,7
73,15
74,4
75,3
76,20
77,15
78,11
79,2
80,2
81,17
82,2
83,7
84,21
85,23
86,7
87,12
88,11
89,15
90,5
91,2
92,1
93,7
94,11
95,0
96,5
97,0
98,0
99,19
100,21
101,8
102,4
103,2
104,20
105,16
106,1
107,15
108,5
109,2
110,7
111,12
112,5
113,0
114,24
115,2
116,23
117,14
118,24
119,12
120,10
121,4
122,18
123,18
124,4
125,12
126,8
127,6
128,21
129,4
130,15
131,11
132,21
133,2
134,15
135,23
136,23
137,4
138,21
139,22
140,3
141,15
142,12
143,7
144,22
145,21
146,6
147,1
148,15
149,10
150,10
151,4
152,5
153,3
154,5
155,5
156,23
157,2
158,10
159,7
160,5
161,14
162,5
163,8
164,4
165,4
166,23
167,12
168,3
169,7
170,8
171,13
172,15
173,4
174,16
175,3
176,17
177,18
178,15
179,24
180,1
181,13
182,16
183,24
184,23
185,2
186,7
187,19
188,18
189,1
190,12
191,23
192,3
193,0
194,3
195,13
196,15
197,13
198,5
199,11
200,1
201,7
202,6
203,16
204,17
205,23
206,0
207,8
208,23
209,3
210,14
211,3
212,7
213,14
214,13
215,18
216,6
217,3
218,15
219,4
220,10
221,4
222,15
223,5
224,6
225,10
226,1
227,2
228,15
229,11
230,18
231,12
232,6
233,5
234,19
235,5
236,1
237,21
238,8
239,23
240,24
241,10
242,16
243,19
244,12
245,21
246,17
247,15
248,4
249,10
250,22
251,16
252,1
253,24
254,16
255,24
256,1
257,22
258,24
259,4
260,23
261,10
262,12
263,3
264,13
265,16
266,8
267,19
268,1
269,14
270,7
271,10
272,8
273,20
274,24
275,7
276,4
277,20
278,6
279,0
280,15
281,13
282,5
283,6
284,24
285,6
286,14
287,12
288,18
289,21
290,20
291,6
292,1
293,8
294,1
295,20
296,2
297,19
298,16
299,3
300,15
301,7
302,0
303,2
304,4
305,1
306,4
307,4
308,18
309,21
310,0
311,0
312,0
313,21
314,17
315,24
316,16
317,2
318,17
319,14
320,3
321,3
322,12
323,2
324,5
325,5
326,21
327,21
328,14
329,15
330,18
331,7
332,3
333,1
334,7
335,20
336,19
337,12
338,3
339,12
340,19
341,17
342,4
343,1
344,15
345,3
346,17
347,12
348,15
349,7
350,4
351,1
352,24
353,2
354,18
355,4
356,21
357,6
358,17
359,4
360,23
361,24
362,10
363,1
364,20
365,1
366,6
367,21
368,23
369,11
370,17
371,2
372,15
373,3
374,23
375,5
376,24
377,7
378,23
379,10
380,17
381,4
382,7
383,21
384,18
385,13
386,0
387,23
388,21
389,5
390,10
391,4
392,3
393,22
394,14
395,7
396,8
397,11
398,20
399,7
400,12
401,22
402,0
403,7
404,4
405,10
406,12
407,4
408,1
409,11
410,14
411,20
412,20
413,3
414,12
415,8
416,11
417,1
418,10
419,22
420,7
421,11
422,1
423,22
424,16
425,8
426,10
427,0
428,7
429,19
430,7
431,22
432,8
433,1
434,2
435,14
436,21
437,12
438,18
439,1
440,22
441,22
442,7
443,21
444,15
445,23
446,13
447,5
448,22
449,1
450,12
451,18
452,24
453,5
454,8
455,22
456,0
457,6
458,21
459,18
460,11
461,7
462,3
463,3
464,12
465,0
466,4
467,1
468,6
469,19
470,10
471,16
472,12
473,0
474,20
475,14
476,3
477,21
478,2
479,2
480,19
481,13
482,17
483,5
484,2
485,6
486,0
487,15
488,1
489,11
490,20
491,1
492,12
493,0
494,16
495,21
496,24
497,24
498,22
499,10
500,7
501,1
502,13
503,22
504,7
505,12
506,18
507,13
508,1
509,24
510,1
511,22
512,8
513,21
514,20
515,10
516,5
517,22
518,23
519,16
520,8
521,0
522,4
523,16
524,4
525,4
526,17
527,5
528,8
529,6
530,23
531,14
532,23
533,23
534,4
535,14
536,19
537,16
538,4
539,23
540,3
541,11
542,11
543,5
544,0
545,6
546,11
547,18
548,23
549,16
550,18
551,14
552,2
553,13
554,21
555,22
556,6
557,2
558,1
559,7
560,24
561,5
562,19
563,4
564,12
565,3
566,12
567,3
568,4
569,15
570,16
571,13
572,20
573,17
574,0
575,7
576,21
577,1
578,4
579,23
580,8
581,1
582,7
583,17
584,10
585,14
586,22
587,23
588,7
589,23
590,8
591,8
592,2
593,2
594,11
595,2
596,4
597,16
598,4
599,22
600,0
601,6
602,0
603,23
604,4
605,7
606,4
607,4
608,17
609,7
610,1
611,19
612,21
613,7
614,6
615,8
616,16
617,14
618,17
619,15
620,0
621,11
622,22
623,12
624,13
625,21
626,4
627,7
628,18
629,18
630,17
631,1
632,16
633,15
634,8
635,15
636,23
637,19
638,22
639,20
640,7
641,21
642,21
643,0
644,10
645,16
646,6
647,18
648,12
649,5
650,3
651,5
652,1
653,13
654,4
655,21
656,7
657,11
658,0
659,3
660,11
661,12
662,7
663,4
664,4
665,5
666,12
667,21
668,11
669,2
670,12
671,4
672,2
673,8
674,4
675,15
676,10
677,11
678,0
679,23
680,4
681,5
682,4
683,19
684,20
685,12
686,11
687,15
688,12
689,15
690,12
691,19
692,13
693,4
694,20
695,5
696,18
697,15
698,3
699,7
700,2
701,1
702,8
703,0
704,4
705,6
706,15
707,15
708,4
709,11
710,5
711,3
712,5
713,24
714,12
715,16
716,11
717,20
718,8
719,12
720,20
721,12
722,21
723,21
724,7
725,4
726,15
727,12
728,6
729,18
730,23
731,7
732,23
733,15
734,1
735,4
736,15
737,14
738,13
739,0
740,19
741,6
742,1
743,11
744,10
745,7
746,10
747,10
748,1
749,6
750,17
751,20
752,12
753,11
754,23
755,2
756,15
757,17
758,2
759,6
760,3
761,0
762,18
763,22
764,24
765,5
766,4
767,4
768,15
769,16
770,4
771,19
772,13
773,24
774,11
775,1
776,19
777,19
778,7
779,1
780,3
781,4
782,6
783,15
784,5
785,10
786,19
787,3
788,22
789,7
790,5
791,19
792,10
793,0
794,1
795,7
796,4
797,10
798,6
799,12
800,14
801,22
802,1
803,1
804,19
805,15
806,4
807,22
808,11
809,6
810,3
811,18
812,8
813,6
814,2
815,12
816,14
817,0
818,10
819,24
820,0
821,2
822,13
823,14
824,23
825,15
826,2
827,4
828,3
829,24
830,1
831,24
832,0
833,5
834,7
835,23
836,2
837,17
838,23
839,21
840,6
841,21
842,22
843,13
844,15
845,24
846,7
847,15
848,20
849,13
850,16
851,10
852,3
853,16
854,1
855,1
856,3
857,1
858,4
859,0
860,19
861,6
862,15
863,11
864,7
865,13
866,15
867,0
868,10
869,12
870,0
871,7
872,20
873,5
874,5
875,4
876,23
877,1
878,17
879,4
880,20
881,7
882,5
883,4
884,7
885,23
886,4
887,15
888,10
889,10
890,21
891,15
892,17
893,3
894,8
895,7
896,7
897,4
898,1
899,6
900,8
901,21
902,2
903,22
904,1
905,18
906,1
907,14
908,16
909,14
910,2
911,13
912,10
913,5
914,12
915,16
916,1
917,1
918,24
919,13
920,7
921,5
922,21
923,6
924,19
925,18
926,4
927,21
928,19
929,4
930,4
931,6
932,18
933,1
934,15
935,0
936,18
937,0
938,5
939,12
940,7
941,21
942,0
943,13
944,10
945,2
946,1
947,19
948,2
949,15
950,17
951,8
952,23
953,3
954,18
955,0
956,7
957,1
958,11
959,21
960,14
961,24
962,0
963,11
964,21
965,13
966,19
967,24
968,13
969,4
970,12
971,0
972,0
973,6
974,22
975,10
976,1
977,4
978,10
979,7
980,5
981,16
982,4
983,11
984,5
985,0
986,18
987,17
988,21
989,7
990,15
991,13
992,16
993,2
994,22
995,1
996,5
997,24
998,4
999,19
1000,15
1001,3
1002,21
1003,6
1004,0
1005,4
1006,5
1007,7
1008,21
1009,21
1010,5
1011,11
1012,11
1013,1
1014,10
1015,10
1016,15
1017,1
1018,5
1019,17
1020,0
1021,21
1022,20
1023,5
1024,22
1025,3
1026,7
1027,7
1028,5
1029,20
1030,10
1031,4
1032,6
1033,13
1034,12
1035,5
1036,23
1037,6
1038,11
1039,4
1040,5
1041,10
1042,10
1043,11
1044,3
1045,0
1046,2
1047,16
1048,1
1049,10
1050,20
1051,21
1052,6
1053,15
1054,23
1055,10
1056,10
1057,1
1058,0
1059,4
1060,0
1061,1
1062,14
1063,5
1064,19
1065,16
1066,2
1067,18
1068,11
1069,3
1070,2
1071,1
1072,15
1073,7
1074,18
1075,2
1076,2
1077,0
1078,21
1079,4
1080,18
1081,4
1082,18
1083,5
1084,20
1085,21
1086,15
1087,0
1088,18
1089,24
1090,4
1091,13
1092,3
1093,4
1094,18
1095,24
1096,24
1097,10
1098,13
1099,4
1100,1
1101,7
1102,14
1103,19
1104,14
1105,11
1106,21
1107,0
1108,21
1109,16
1110,7
1111,16
1112,19
1113,11
1114,1
1115,4
1116,20
1117,7
1118,11
1119,3
1120,4
1121,17
1122,21
1123,0
1124,8
1125,7
1126,15
1127,4
1128,2
1129,4
1130,3
1131,16
1132,15
1133,22
1134,10
1135,19
1136,4
1137,0
1138,0
1139,4
1140,1
1141,12
1142,20
1143,5
1144,22
1145,11
1146,0
1147,13
1148,5
1149,2
1150,1
1151,12
1152,4
1153,3
1154,20
1155,2
1156,13
1157,12
1158,11
1159,15
1160,4
1161,5
1162,13
1163,4
1164,21
1165,10
1166,22
1167,23
1168,16
1169,11
1170,21
1171,15
1172,15
1173,4
1174,20
1175,14
1176,24
1177,5
1178,14
1179,6
1180,2
1181,19
1182,5
1183,0
1184,24
1185,18
1186,3
1187,15
1188,17
1189,4
1190,12
1191,0
1192,15
1193,5
1194,1
1195,18
1196,22
1197,19
1198,24
1199,1
1200,11
1201,1
1202,7
1203,0
1204,19
1205,7
1206,12
1207,22
1208,6
1209,4
1210,12
1211,14
1212,1
1213,18
1214,3
1215,12
1216,18
1217,3
1218,24
1219,7
1220,16
1221,19
1222,23
1223,3
1224,14
1225,21
1226,21
1227,3
1228,18
1229,24
1230,21
1231,4
1232,19
1233,21
1234,4
1235,4
1236,19
1237,0
1238,0
1239,15
1240,23
1241,0
1242,1
1243,4
1244,11
1245,15
1246,15
1247,7
1248,11
1249,8
1250,17
1251,7
1252,14
1253,2
1254,1
1255,4
1256,8
1257,10
1258,14
1259,24
1260,18
1261,1
1262,24
1263,3
1264,19
1265,2
1266,21
1267,8
1268,20
1269,2
1270,13
1271,2
1272,8
1273,17
1274,1
1275,21
1276,20
1277,19
1278,24
1279,15
1280,6
1281,11
1282,23
1283,14
1284,5
1285,17
1286,3
1287,20
1288,2
1289,19
1290,14
1291,7
1292,19
1293,3
1294,23
1295,17
1296,4
1297,24
1298,20
1299,7
1300,1
1301,15
1302,13
1303,3
1304,14
1305,7
1306,3
1307,2
1308,3
1309,0
1310,16
1311,24
1312,10
1313,7
1314,20
1315,18
1316,1
1317,5
1318,2
1319,24
1320,1
1321,11
1322,1
1323,13
1324,21
1325,7
1326,23
1327,5
1328,7
1329,8
1330,19
1331,1
1332,19
1333,0
1334,15
1335,15
1336,5
1337,4
1338,17
1339,24
1340,15
1341,6
1342,18
1343,4
1344,24
1345,6
1346,10
1347,15
1348,21
1349,21
1350,11
1351,4
1352,21
1353,14
1354,18
1355,20
1356,15
1357,23
1358,10
1359,15
1360,13
1361,6
1362,22
1363,5
1364,10
1365,16
1366,16
1367,24
1368,2
1369,12
1370,10
1371,13
1372,12
1373,1
1374,21
1375,20
1376,5
1377,19
1378,19
1379,5
1380,12
1381,4
1382,1
1383,7
1384,17
1385,4
1386,1
1387,1
1388,12
1389,21
1390,13
1391,13
1392,18
1393,4
1394,21
1395,11
1396,7
1397,23
1398,21
1399,13
1400,2
1401,21
1402,7
1403,21
1404,8
1405,4
1406,20
1407,0
1408,11
1409,11
1410,20
1411,14
1412,11
1413,15
1414,3
1415,11
1416,4
1417,24
1418,3
1419,15
1420,4
1421,8
1422,21
1423,3
1424,1
1425,2
1426,7
1427,1
1428,6
1429,1
1430,12
1431,10
1432,20
1433,1
1434,4
1435,10
1436,7
1437,5
1438,17
1439,17
1440,23
1441,2
1442,24
1443,24
1444,2
1445,0
1446,12
1447,4
1448,11
1449,6
1450,23
1451,0
1452,10
1453,20
1454,4
1455,2
1456,12
1457,15
1458,16
1459,19
1460,7
1461,21
1462,3
1463,0
1464,24
1465,4
1466,3
1467,14
1468,0
1469,0
1470,15
1471,16
1472,11
1473,16
1474,1
1475,0
1476,0
1477,10
1478,15
1479,15
1480,0
1481,2
1482,4
1483,21
1484,8
1485,14
1486,15
1487,19
1488,0
1489,1
1490,12
1491,20
1492,10
1493,4
1494,4
1495,10
1496,0
1497,23
1498,7
1499,22
1500,19
1501,12
1502,6
1503,6
1504,22
1505,23
1506,8
1507,3
1508,10
1509,0
1510,10
1511,18
1512,17
1513,6
1514,24
1515,0
1516,23
1517,0
1518,0
1519,10
1520,22
1521,15
1522,1
1523,13
1524,15
1525,12
1526,22
1527,7
1528,1
1529,18
1530,17
1531,1
1532,5
1533,7
1534,22
1535,21
1536,16
1537,10
1538,3
1539,18
1540,22
1541,4
1542,11
1543,4
1544,4
1545,16
1546,5
1547,10
1548,20
1549,19
1550,21
1551,11
1552,12
1553,1
1554,21
1555,7
1556,6
1557,16
1558,5
1559,5
1560,8
1561,22
1562,21
1563,14
1564,8
1565,10
1566,5
1567,2
1568,4
1569,18
1570,4
1571,15
1572,24
1573,7
1574,3
1575,3
1576,24
1577,5
1578,24
1579,21
1580,16
1581,23
1582,1
1583,18
1584,19
1585,24
1586,10
1587,3
1588,2
1589,1
1590,19
1591,12
1592,7
1593,21
1594,13
1595,1
1596,11
1597,21
1598,20
1599,7
1600,18
1601,3
1602,22
1603,24
1604,21
1605,4
1606,20
1607,14
1608,15
1609,10
1610,3
1611,14
1612,23
1613,2
1614,18
1615,12
1616,4
1617,7
1618,7
1619,13
1620,19
1621,13
1622,6
1623,23
1624,23
1625,7
1626,18
1627,11
1628,14
1629,19
1630,4
1631,4
1632,18
1633,1
1634,21
1635,19
1636,1
1637,19
1638,5
1639,12
1640,21
1641,21
1642,10
1643,7
1644,3
1645,0
1646,17
1647,24
1648,19
1649,20
1650,10
1651,0
1652,12
1653,19
1654,0
1655,18
1656,1
1657,20
1658,0
1659,1
1660,7
1661,7
1662,11
1663,13
1664,18
1665,2
1666,11
1667,15
1668,20
1669,5
1670,11
1671,18
1672,20
1673,8
1674,7
1675,13
1676,22
1677,21
1678,10
1679,1
1680,10
1681,14
1682,0
1683,10
1684,7
1685,4
1686,8
1687,24
1688,22
1689,13
1690,21
1691,23
1692,3
1693,12
1694,7
1695,13
1696,15
1697,19
1698,18
1699,4
1700,1
1701,7
1702,0
1703,21
1704,7
1705,19
1706,22
1707,18
1708,10
1709,7
1710,0
1711,1
1712,7
1713,19
1714,15
1715,14
1716,11
1717,15
1718,21
1719,23
1720,7
1721,15
1722,23
1723,24
1724,15
1725,17
1726,16
1727,0
1728,7
1729,19
1730,15
1731,0
1732,2
1733,22
1734,12
1735,13
1736,7
1737,8
1738,11
1739,11
1740,1
1741,1
1742,1
1743,5
1744,14
1745,10
1746,13
1747,19
1748,20
1749,7
1750,0
1751,14
1752,15
1753,12
1754,5
1755,2
1756,7
1757,2
1758,7
1759,22
1760,22
1761,0
1762,12
1763,21
1764,19
1765,0
1766,4
1767,21
1768,6
1769,2
1770,24
1771,22
1772,10
1773,12
1774,12
1775,21
1776,23
1777,15
1778,5
1779,17
1780,2
1781,24
1782,16
1783,22
1784,18
1785,21
1786,5
1787,17
1788,20
1789,5
1790,7
1791,0
1792,1
1793,1
1794,22
1795,13
1796,19
1797,17
1798,13
1799,3
1800,5
1801,21
1802,7
1803,2
1804,23
1805,21
1806,7
1807,14
1808,23
1809,7
1810,15
1811,7
1812,13
1813,17
1814,4
1815,11
1816,3
1817,12
1818,18
1819,8
1820,1
1821,12
1822,4
1823,18
1824,4
1825,2
1826,10
1827,18
1828,5
1829,21
1830,11
1831,22
1832,23
1833,3
1834,7
1835,17
1836,8
1837,16
1838,20
1839,22
1840,24
1841,15
1842,4
1843,13
1844,17
1845,12
1846,20
1847,1
1848,17
1849,14
1850,4
1851,11
1852,3
1853,24
1854,19
1855,18
1856,4
1857,6
1858,16
1859,12
1860,12
1861,17
1862,4
1863,1
1864,3
1865,3
1866,0
1867,24
1868,14
1869,2
1870,5
1871,21
1872,6
1873,14
1874,12
1875,21
1876,16
1877,1
1878,7
1879,4
1880,17
1881,4
1882,3
1883,21
1884,1
1885,15
1886,22
1887,0
1888,0
1889,4
1890,19
1891,4
1892,14
1893,23
1894,12
1895,24
1896,7
1897,23
1898,10
1899,4
1900,2
1901,21
1902,10
1903,15
1904,22
1905,14
1906,1
1907,0
1908,4
1909,1
1910,18
1911,6
1912,1
1913,2
1914,13
1915,15
1916,13
1917,17
1918,16
1919,2
1920,22
1921,13
1922,15
1923,23
1924,12
1925,5
1926,14
1927,16
1928,7
1929,4
1930,2
1931,1
1932,21
1933,14
1934,4
1935,1
1936,4
1937,5
1938,11
1939,17
1940,1
1941,7
1942,18
1943,2
1944,3
1945,3
1946,0
1947,11
1948,13
1949,4
1950,11
1951,16
1952,11
1953,2
1954,4
1955,23
1956,0
1957,21
1958,17
1959,2
1960,7
1961,17
1962,13
1963,2
1964,19
1965,19
1966,12
1967,21
1968,6
1969,18
1970,16
1971,13
1972,20
1973,4
1974,5
1975,23
1976,24
1977,18
1978,24
1979,8
1980,7
1981,7
1982,22
1983,11
1984,2
1985,0
1986,2
1987,22
1988,8
1989,4
1990,23
1991,4
1992,0
1993,18
1994,15
1995,14
1996,8
1997,4
1998,4
1999,15
2000,14
2001,2
2002,2
2003,8
2004,6
2005,24
2006,4
2007,12
2008,16
2009,23
2010,21
2011,2
2012,1
2013,20
2014,3
2015,13
2016,20
2017,19
2018,12
2019,11
2020,3
2021,4
2022,12
2023,15
2024,18
2025,16
2026,0
2027,4
2028,11
2029,4
2030,2
2031,7
2032,6
2033,23
2034,5
2035,22
2036,13
2037,11
2038,14
2039,22
2040,21
2041,15
2042,24
2043,12
2044,6
2045,21
2046,1
2047,22
2048,14
2049,6
2050,7
2051,19
2052,12
2053,24
2054,8
2055,0
2056,3
2057,14
2058,18
2059,24
2060,1
2061,1
2062,1
2063,22
2064,23
2065,20
2066,13
2067,18
2068,7
2069,2
2070,4
2071,0
2072,0
2073,7
2074,11
2075,6
2076,22
2077,17
2078,13
2079,19
2080,11
2081,3
2082,21
2083,4
2084,23
2085,19
2086,11
2087,3
2088,6
2089,18
2090,4
2091,22
2092,15
2093,1
2094,16
2095,7
2096,19
2097,7
2098,5
2099,2
2100,12
2101,12
2102,23
2103,5
2104,18
2105,13
2106,2
2107,6
2108,1
2109,8
2110,0
2111,10
2112,4
2113,12
2114,6
2115,8
2116,7
2117,20
2118,17
2119,12
2120,2
2121,24
2122,16
2123,22
2124,7
2125,5
2126,21
2127,4
2128,11
2129,3
2130,2
2131,16
2132,11
2133,16
2134,5
2135,24
2136,14
2137,24
2138,1
2139,1
2140,0
2141,19
2142,21
2143,16
2144,4
2145,16
2146,18
2147,17
2148,21
2149,4
2150,12
2151,17
2152,12
2153,16
2154,23
2155,11
2156,2
2157,11
2158,2
2159,10
2160,19
2161,12
2162,7
2163,0
2164,23
2165,22
2166,5
2167,2
2168,21
2169,23
2170,10
2171,22
2172,3
2173,1
2174,20
2175,5
2176,4
2177,7
2178,10
2179,2
2180,3
2181,6
2182,21
2183,15
2184,4
2185,7
2186,0
2187,14
2188,21
2189,13
2190,14
2191,22
2192,21
2193,11
2194,7
2195,21
2196,15
2197,11
2198,4
2199,3
2200,14
2201,1
2202,10
2203,24
2204,21
2205,8
2206,4
2207,5
2208,5
2209,23
2210,21
2211,16
2212,14
2213,16
2214,6
2215,23
2216,16
2217,7
2218,2
2219,4
2220,23
2221,15
2222,7
2223,16
2224,8
2225,0
2226,22
2227,11
2228,12
2229,24
2230,6
2231,5
2232,11
2233,12
2234,4
2235,12
2236,3
2237,6
2238,0
2239,23
2240,15
2241,7
2242,1
2243,7
2244,7
2245,0
2246,6
2247,4
2248,6
2249,5
2250,23
2251,1
2252,21
2253,19
2254,10
2255,20
2256,2
2257,0
2258,4
2259,17
2260,24
2261,7
2262,19
2263,18
2264,8
2265,4
2266,7
2267,5
2268,4
2269,17
2270,21
2271,11
2272,5
2273,2
2274,19
2275,20
2276,3
2277,10
2278,19
2279,7
2280,17
2281,1
2282,14
2283,10
2284,19
2285,2
2286,2
2287,3
2288,16
2289,23
2290,14
2291,7
2292,6
2293,18
2294,6
2295,21
2296,2
2297,19
2298,11
2299,23
2300,14
2301,0
2302,2
2303,5
2304,12
2305,24
2306,10
2307,12
2308,6
2309,1
2310,21
2311,12
2312,20
2313,10
2314,11
2315,4
2316,15
2317,10
2318,4
2319,12
2320,5
2321,2
2322,22
2323,21
2324,0
2325,22
2326,23
2327,23
2328,23
2329,5
2330,8
2331,7
2332,21
2333,13
2334,24
2335,21
2336,3
2337,17
2338,22
2339,12
2340,18
2341,20
2342,18
2343,5
2344,1
2345,13
2346,4
2347,19
2348,3
2349,11
2350,4
2351,0
2352,4
2353,4
2354,10
2355,16
2356,2
2357,12
2358,16
2359,10
2360,4
2361,4
2362,16
2363,7
2364,16
2365,20
2366,17
2367,14
2368,1
2369,3
2370,7
2371,2
2372,1
2373,20
2374,15
2375,15
2376,24
2377,18
2378,1
2379,12
2380,0
2381,4
2382,21
2383,7
2384,6
2385,15
2386,15
2387,15
2388,22
2389,0
2390,4
2391,24
2392,1
2393,10
2394,17
2395,24
2396,8
2397,3
2398,8
2399,7
2400,10
2401,10
2402,10
2403,19
2404,15
2405,11
2406,17
2407,7
2408,24
2409,5
2410,7
2411,11
2412,5
2413,2
2414,10
2415,4
2416,22
2417,15
2418,23
2419,21
2420,19
2421,2
2422,10
2423,15
2424,2
2425,4
2426,10
2427,19
2428,5
2429,21
2430,10
2431,14
2432,18
2433,20
2434,12
2435,22
2436,15
2437,2
2438,20
2439,4
2440,7
2441,13
2442,17
2443,10
2444,0
2445,5
2446,14
2447,10
2448,4
2449,7
2450,4
2451,3
2452,21
2453,1
2454,21
2455,21
2456,5
2457,4
2458,11
2459,4
2460,3
2461,1
2462,15
2463,19
2464,18
2465,20
2466,4
2467,5
2468,11
2469,23
2470,2
2471,4
2472,15
2473,5
2474,24
2475,12
2476,24
2477,4
2478,14
2479,15
2480,15
2481,19
2482,23
2483,13
2484,10
2485,4
2486,2
2487,0
2488,12
2489,11
2490,6
2491,17
2492,11
2493,21
2494,19
2495,7
2496,16
2497,10
2498,15
2499,22
2500,0
2501,12
2502,3
2503,19
2504,5
2505,8
2506,21
2507,4
2508,11
2509,5
2510,4
2511,20
2512,23
2513,20
2514,14
2515,15
2516,1
2517,11
2518,7
2519,17
2520,4
2521,11
2522,4
2523,11
2524,1
2525,1
2526,2
2527,8
2528,4
2529,10
2530,11
2531,4
2532,1
2533,20
2534,11
2535,12
2536,20
2537,12
2538,13
2539,4
2540,18
2541,10
2542,20
2543,1
2544,22
2545,5
2546,14
2547,21
2548,23
2549,8
2550,18
2551,16
2552,24
2553,12
2554,18
2555,24
2556,6
2557,11
2558,21
2559,18
2560,22
2561,21
2562,15
2563,15
2564,24
2565,10
2566,0
2567,19
2568,0
2569,21
2570,11
2571,8
2572,23
2573,6
2574,7
2575,0
2576,12
2577,24
2578,14
2579,14
2580,12
2581,18
2582,11
2583,12
2584,0
2585,18
2586,20
2587,7
2588,19
2589,16
2590,13
2591,17
2592,17
2593,23
2594,3
2595,5
2596,0
2597,15
2598,12
2599,0
2600,4
2601,14
2602,8
2603,6
2604,4
2605,6
2606,3
2607,11
2608,13
2609,19
2610,2
2611,6
2612,4
2613,23
2614,12
2615,15
2616,17
2617,7
2618,21
2619,13
2620,4
2621,20
2622,0
2623,0
2624,5
2625,5
2626,11
2627,8
2628,23
2629,17
2630,0
2631,6
2632,6
2633,7
2634,6
2635,15
2636,11
2637,14
2638,15
2639,7
2640,7
2641,7
2642,24
2643,4
2644,1
2645,5
2646,0
2647,15
2648,21
2649,2
2650,7
2651,11
2652,22
2653,12
2654,1
2655,14
2656,19
2657,20
2658,12
2659,16
2660,4
2661,10
2662,11
2663,12
2664,1
2665,10
2666,10
2667,24
2668,14
2669,6
2670,17
2671,6
2672,13
2673,6
2674,7
2675,18
2676,5
2677,7
2678,4
2679,23
2680,17
2681,13
2682,24
2683,10
2684,0
2685,17
2686,7
2687,11
2688,4
2689,6
2690,17
2691,4
2692,1
2693,4
2694,5
2695,24
2696,20
2697,14
2698,0
2699,0
2700,3
2701,13
2702,16
2703,8
2704,2
2705,19
2706,5
2707,4
2708,11
2709,7
2710,13
2711,14
2712,3
2713,5
2714,2
2715,4
2716,3
2717,20
2718,24
2719,2
2720,15
2721,10
2722,10
2723,3
2724,0
2725,4
2726,18
2727,4
2728,21
2729,21
2730,16
2731,2
2732,4
2733,4
2734,4
2735,13
2736,14
2737,12
2738,0
2739,18
2740,12
2741,4
2742,4
2743,13
2744,12
2745,5
2746,10
2747,22
2748,15
2749,7
2750,16
2751,20
2752,24
2753,20
2754,13
2755,14
2756,4
2757,7
2758,0
2759,12
2760,12
2761,2
2762,4
2763,24
2764,18
2765,23
2766,0
2767,23
2768,12
2769,4
2770,7
2771,12
2772,0
2773,15
2774,22
2775,4
2776,5
2777,3
2778,21
2779,13
2780,10
2781,6
2782,0
2783,22
2784,4
2785,2
2786,7
2787,11
2788,4
2789,8
2790,3
2791,22
2792,23
2793,24
2794,18
2795,11
2796,8
2797,13
2798,7
2799,3
2800,4
2801,7
2802,24
2803,11
2804,23
2805,5
2806,0
2807,13
2808,15
2809,24
2810,2
2811,12
2812,8
2813,20
2814,16
2815,8
2816,7
2817,11
2818,2
2819,4
2820,12
2821,20
2822,1
2823,12
2824,11
2825,4
2826,13
2827,6
2828,7
2829,4
2830,2
2831,13
2832,13
2833,18
2834,19
2835,10
2836,20
2837,2
2838,15
2839,4
2840,24
2841,3
2842,16
2843,15
2844,17
2845,0
2846,4
2847,18
2848,17
2849,15
2850,15
2851,1
2852,1
2853,22
2854,21
2855,8
2856,2
2857,20
2858,18
2859,7
2860,13
2861,20
2862,15
2863,16
2864,4
2865,13
2866,4
2867,18
2868,4
2869,13
2870,10
2871,12
2872,0
2873,2
2874,1
2875,15
2876,18
2877,4
2878,20
2879,11
2880,21
2881,7
2882,1
2883,19
2884,6
2885,7
2886,2
2887,15
2888,2
2889,10
2890,1
2891,12
2892,5
2893,20
2894,0
2895,1
2896,17
2897,16
2898,4
2899,10
2900,0
2901,1
2902,0
2903,4
2904,8
2905,6
2906,4
2907,17
2908,20
2909,4
2910,2
2911,7
2912,1
2913,7
2914,20
2915,22
2916,15
2917,20
2918,20
2919,11
2920,0
2921,2
2922,21
2923,24
2924,11
2925,17
2926,13
2927,10
2928,0
2929,20
2930,4
2931,20
2932,17
2933,22
2934,21
2935,20
2936,10
2937,22
2938,16
2939,21
2940,1
2941,1
2942,17
2943,14
2944,4
2945,4
2946,0
2947,10
2948,19
2949,0
2950,13
2951,21
2952,4
2953,10
2954,14
2955,15
2956,3
2957,6
2958,1
2959,24
2960,19
2961,6
2962,7
2963,2
2964,11
2965,0
2966,1
2967,5
2968,0
2969,22
2970,12
2971,13
2972,10
2973,7
2974,24
2975,12
2976,20
2977,2
2978,16
2979,21
2980,21
2981,12
2982,12
2983,8
2984,2
2985,7
2986,5
2987,21
2988,18
2989,6
2990,20
2991,12
2992,2
2993,3
2994,21
2995,24
2996,2
2997,12
2998,0
2999,18
3000,10
3001,24
3002,1
3003,15
3004,19
3005,22
3006,22
3007,11
3008,1
3009,10
3010,11
3011,0
3012,10
3013,0
3014,4
3015,14
3016,19
3017,11
3018,18
3019,5
3020,20
3021,3
3022,7
3023,0
3024,23
3025,10
3026,15
3027,10
3028,3
3029,3
3030,17
3031,16
3032,10
3033,18
3034,20
3035,19
3036,4
3037,21
3038,3
3039,18
3040,18
3041,22
3042,5
3043,21
3044,2
3045,13
3046,17
3047,1
3048,4
3049,11
3050,11
3051,0
3052,3
3053,20
3054,20
3055,10
3056,23
3057,10
3058,18
3059,5
3060,21
3061,21
3062,24
3063,7
3064,15
3065,2
3066,5
3067,12
3068,13
3069,17
3070,10
3071,1
3072,2
3073,24
3074,21
3075,15
3076,10
3077,4
3078,16
3079,11
3080,18
3081,23
3082,22
3083,18
3084,14
3085,7
3086,10
3087,23
3088,21
3089,12
3090,1
3091,5
3092,5
3093,22
3094,23
3095,10
3096,4
3097,21
3098,10
3099,10
3100,11
3101,1
3102,3
3103,7
3104,13
3105,15
3106,7
3107,4
3108,4
3109,24
3110,5
3111,4
3112,21
3113,8
3114,12
3115,0
3116,14
3117,4
3118,0
3119,18
3120,12
3121,12
3122,4
3123,3
3124,12
3125,20
3126,18
3127,2
3128,19
3129,22
3130,12
3131,11
3132,7
3133,3
3134,22
3135,7
3136,13
3137,12
3138,6
3139,22
3140,21
3141,21
3142,11
3143,1
3144,12
3145,15
3146,15
3147,16
3148,1
3149,6
3150,20
3151,8
3152,19
3153,13
3154,15
3155,23
3156,3
3157,1
3158,7
3159,18
3160,7
3161,21
3162,10
3163,5
3164,18
3165,16
3166,18
3167,13
3168,23
3169,8
3170,7
3171,1
3172,10
3173,3
3174,16
3175,18
3176,5
3177,22
3178,23
3179,8
3180,22
3181,23
3182,24
3183,0
3184,20
3185,0
3186,23
3187,5
3188,4
3189,23
3190,7
3191,4
3192,15
3193,23
3194,16
3195,22
3196,17
3197,4
3198,3
3199,17
3200,12
3201,11
3202,18
3203,10
3204,19
3205,0
3206,17
3207,16
3208,21
3209,21
3210,11
3211,3
3212,18
3213,3
3214,1
3215,7
3216,22
3217,19
3218,14
3219,24
3220,4
3221,2
3222,7
3223,4
3224,24
3225,1
3226,15
3227,0
3228,19
3229,8
3230,12
3231,1
3232,0
3233,20
3234,8
3235,0
3236,16
3237,21
3238,6
3239,4
3240,13
3241,7
3242,16
3243,4
3244,22
3245,10
3246,20
3247,23
3248,18
3249,21
3250,19
3251,8
3252,18
3253,10
3254,13
3255,4
3256,15
3257,7
3258,12
3259,17
3260,11
3261,22
3262,0
3263,24
3264,2
3265,6
3266,12
3267,2
3268,10
3269,0
3270,16
3271,10
3272,24
3273,7
3274,2
3275,17
3276,2
3277,4
3278,5
3279,21
3280,4
3281,7
3282,4
3283,1
3284,3
3285,18
3286,23
3287,7
3288,10
3289,17
3290,2
3291,5
3292,12
3293,21
3294,24
3295,21
3296,20
3297,8
3298,11
3299,4
3300,23
3301,10
3302,1
3303,2
3304,13
3305,4
3306,7
3307,5
3308,0
3309,15
3310,11
3311,1
3312,15
3313,0
3314,1
3315,21
3316,14
3317,4
3318,14
3319,5
3320,23
3321,10
3322,2
3323,1
3324,5
3325,17
3326,0
3327,21
3328,17
3329,7
3330,2
3331,18
3332,19
3333,21
3334,24
3335,1
3336,13
3337,7
3338,1
3339,4
3340,18
3341,23
3342,12
3343,19
3344,12
3345,17
3346,20
3347,4
3348,5
3349,14
3350,12
3351,19
3352,7
3353,2
3354,12
3355,18
3356,14
3357,15
3358,12
3359,13
3360,1
3361,10
3362,5
3363,1
3364,1
3365,21
3366,19
3367,1
3368,4
3369,22
3370,7
3371,21
3372,19
3373,22
3374,11
3375,24
3376,23
3377,21
3378,19
3379,23
3380,5
3381,0
3382,1
3383,7
3384,16
3385,21
3386,0
3387,21
3388,8
3389,19
3390,5
3391,4
3392,23
3393,4
3394,1
3395,21
3396,24
3397,22
3398,13
3399,10
3400,21
3401,6
3402,21
3403,24
3404,24
3405,5
3406,16
3407,11
3408,21
3409,14
3410,2
3411,2
3412,21
3413,17
3414,23
3415,15
3416,8
3417,2
3418,21
3419,23
3420,2
3421,3
3422,11
3423,7
3424,4
3425,20
3426,23
3427,21
3428,23
3429,8
3430,21
3431,0
3432,4
3433,20
3434,11
3435,24
3436,2
3437,23
3438,11
3439,7
3440,2
3441,19
3442,1
3443,7
3444,17
3445,24
3446,21
3447,4
3448,1
3449,22
3450,15
3451,21
3452,22
3453,12
3454,5
3455,4
3456,22
3457,4
3458,12
3459,12
3460,18
3461,0
3462,23
3463,6
3464,10
3465,15
3466,10
3467,11
3468,10
3469,3
3470,7
3471,6
3472,22
3473,1
3474,22
3475,1
3476,3
3477,21
3478,4
3479,8
3480,1
3481,12
3482,16
3483,22
3484,20
3485,23
3486,18
3487,17
3488,24
3489,1
3490,12
3491,8
3492,13
3493,20
3494,17
3495,1
3496,7
3497,15
3498,2
3499,10
3500,14
3501,3
3502,16
3503,5
3504,7
3505,11
3506,6
3507,8
3508,14
3509,21
3510,1
3511,20
3512,1
3513,17
3514,8
3515,3
3516,5
3517,15
3518,3
3519,12
3520,16
3521,10
3522,10
3523,10
3524,24
3525,17
3526,5
3527,14
3528,18
3529,10
3530,18
3531,6
3532,4
3533,15
3534,4
3535,12
3536,22
3537,18
3538,10
3539,18
3540,4
3541,24
3542,24
3543,21
3544,15
3545,1
3546,3
3547,19
3548,11
3549,14
3550,4
3551,12
3552,12
3553,10
3554,19
3555,14
3556,10
3557,11
3558,10
3559,1
3560,2
3561,11
3562,22
3563,21
3564,7
3565,1
3566,4
3567,5
3568,5
3569,6
3570,8
3571,14
3572,22
3573,12
3574,7
3575,4
3576,6
3577,10
3578,20
3579,12
3580,1
3581,7
3582,16
3583,15
3584,8
3585,7
3586,14
3587,15
3588,2
3589,19
3590,17
3591,19
3592,24
3593,24
3594,3
3595,14
3596,22
3597,16
3598,20
3599,10
3600,7
3601,11
3602,1
3603,3
3604,11
3605,15
3606,22
3607,18
3608,4
3609,0
3610,7
3611,1
3612,7
3613,4
3614,21
3615,17
3616,5
3617,24
3618,14
3619,15
3620,20
3621,0
3622,21
3623,21
3624,6
3625,24
3626,20
3627,4
3628,19
3629,6
3630,0
3631,12
3632,10
3633,3
3634,10
3635,20
3636,13
3637,17
3638,10
3639,1
3640,2
3641,14
3642,23
3643,21
3644,20
3645,8
3646,6
3647,6
3648,11
3649,1
3650,18
3651,21
3652,21
3653,1
3654,4
3655,2
3656,0
3657,22
3658,4
3659,13
3660,17
3661,20
3662,6
3663,11
3664,18
3665,7
3666,22
3667,18
3668,2
3669,15
3670,14
3671,7
3672,24
3673,12
3674,8
3675,1
3676,0
3677,3
3678,18
3679,0
3680,6
3681,6
3682,5
3683,7
3684,10
3685,8
3686,12
3687,24
3688,15
3689,12
3690,23
3691,6
3692,4
3693,5
3694,0
3695,12
3696,19
3697,2
3698,11
3699,4
3700,7
3701,15
3702,4
3703,0
3704,5
3705,3
3706,0
3707,15
3708,4
3709,2
3710,3
3711,21
3712,19
3713,20
3714,4
3715,2
3716,13
3717,22
3718,11
3719,19
3720,18
3721,6
3722,5
3723,23
3724,5
3725,4
3726,21
3727,21
3728,21
3729,23
3730,22
3731,18
3732,1
3733,7
3734,5
3735,2
3736,22
3737,20
3738,12
3739,17
3740,22
3741,24
3742,11
3743,4
3744,3
3745,17
3746,21
3747,14
3748,4
3749,13
3750,4
3751,8
3752,24
3753,7
3754,0
3755,4
3756,8
3757,16
3758,7
3759,13
3760,1
3761,0
3762,19
3763,8
3764,12
3765,4
3766,20
3767,0
3768,4
3769,0
3770,11
3771,18
3772,11
3773,0
3774,17
3775,21
3776,6
3777,2
3778,7
3779,7
3780,7
3781,13
3782,20
3783,10
3784,23
3785,4
3786,1
3787,16
3788,4
3789,21
3790,15
3791,24
3792,15
3793,10
3794,8
3795,11
3796,1
3797,5
3798,17
3799,13
3800,24
3801,8
3802,8
3803,5
3804,17
3805,23
3806,14
3807,3
3808,3
3809,17
3810,1
3811,7
3812,7
3813,6
3814,16
3815,10
3816,22
3817,0
3818,8
3819,10
3820,24
3821,5
3822,22
3823,13
3824,8
3825,8
3826,4
3827,4
3828,24
3829,24
3830,8
3831,6
3832,23
3833,4
3834,4
3835,1
3836,22
3837,18
3838,15
3839,12
3840,21
3841,24
3842,8
3843,20
3844,4
3845,16
3846,12
3847,7
3848,6
3849,1
3850,4
3851,12
3852,13
3853,0
3854,1
3855,12
3856,23
3857,4
3858,21
3859,0
3860,0
3861,0
3862,16
3863,16
3864,1
3865,4
3866,0
3867,4
3868,23
3869,16
3870,10
3871,20
3872,1
3873,15
3874,23
3875,4
3876,5
3877,5
3878,24
3879,3
3880,7
3881,4
3882,23
3883,24
3884,21
3885,15
3886,17
3887,4
3888,19
3889,1
3890,12
3891,24
3892,14
3893,19
3894,7
3895,4
3896,3
3897,17
3898,11
3899,12
3900,1
3901,24
3902,8
3903,24
3904,0
3905,0
3906,23
3907,4
3908,6
3909,13
3910,3
3911,0
3912,0
3913,4
3914,1
3915,0
3916,18
3917,1
3918,6
3919,15
3920,4
3921,2
3922,4
3923,21
3924,24
3925,21
3926,14
3927,12
3928,23
3929,6
3930,6
3931,0
3932,11
3933,5
3934,10
3935,8
3936,12
3937,15
3938,2
3939,1
3940,16
3941,4
3942,2
3943,0
3944,14
3945,15
3946,13
3947,6
3948,4
3949,5
3950,10
3951,21
3952,16
3953,1
3954,8
3955,2
3956,14
3957,0
3958,8
3959,23
3960,11
3961,21
3962,15
3963,4
3964,7
3965,2
3966,0
3967,10
3968,6
3969,10
3970,15
3971,23
3972,10
3973,18
3974,22
3975,12
3976,13
3977,23
3978,13
3979,5
3980,5
3981,20
3982,2
3983,22
3984,7
3985,19
3986,20
3987,15
3988,1
3989,19
3990,4
3991,6
3992,5
3993,7
3994,15
3995,10
3996,19
3997,4
3998,4
3999,22
4000,10
4001,22
4002,3
4003,24
4004,10
4005,0
4006,23
4007,24
4008,5
4009,3
4010,15
4011,11
4012,23
4013,4
4014,15
4015,5
4016,10
4017,5
4018,17
4019,17
4020,6
4021,20
4022,8
4023,21
4024,4
4025,1
4026,10
4027,3
4028,3
4029,6
4030,4
4031,10
4032,21
4033,5
4034,12
4035,7
4036,19
4037,5
4038,3
4039,21
4040,0
4041,6
4042,21
4043,13
4044,24
4045,1
4046,15
4047,24
4048,12
4049,20
4050,14
4051,8
4052,20
4053,2
4054,15
4055,8
4056,6
4057,11
4058,2
4059,15
4060,4
4061,0
4062,10
4063,2
4064,14
4065,7
4066,4
4067,1
4068,13
4069,19
4070,24
4071,0
4072,2
4073,7
4074,20
4075,12
4076,2
4077,1
4078,11
4079,6
4080,3
4081,4
4082,0
4083,1
4084,20
4085,12
4086,4
4087,7
4088,3
4089,12
4090,11
4091,16
4092,13
4093,3
4094,8
4095,11
4096,19
4097,18
4098,16
4099,20
4100,7
4101,17
4102,6
4103,23
4104,24
4105,0
4106,20
4107,15
4108,12
4109,18
4110,17
4111,1
4112,2
4113,19
4114,19
4115,13
4116,17
4117,8
4118,20
4119,3
4120,23
4121,6
4122,1
4123,10
4124,8
4125,14
4126,16
4127,0
4128,3
4129,7
4130,23
4131,22
4132,24
4133,2
4134,21
4135,4
4136,0
4137,18
4138,21
4139,1
4140,21
4141,0
4142,5
4143,2
4144,4
4145,23
4146,12
4147,10
4148,6
4149,19
4150,24
4151,21
4152,2
4153,22
4154,0
4155,17
4156,21
4157,4
4158,3
4159,20
4160,3
4161,19
4162,5
4163,6
4164,1
4165,8
4166,3
4167,22
4168,20
4169,1
4170,14
4171,8
4172,7
4173,8
4174,21
4175,17
4176,12
4177,1
4178,1
4179,3
4180,20
4181,18
4182,19
4183,4
4184,7
4185,22
4186,12
4187,6
4188,6
4189,5
4190,4
4191,7
4192,4
4193,20
4194,18
4195,15
4196,4
4197,7
4198,15
4199,2
4200,2
4201,18
4202,3
4203,5
4204,4
4205,14
4206,20
4207,0
4208,7
4209,11
4210,10
4211,1
4212,11
4213,11
4214,4
4215,13
4216,5
4217,4
4218,1
4219,4
4220,7
4221,7
4222,12
4223,21
4224,21
4225,21
4226,19
4227,13
4228,13
4229,5
4230,2
4231,3
4232,22
4233,4
4234,5
4235,20
4236,21
4237,8
4238,12
4239,12
4240,12
4241,21
4242,21
4243,1
4244,22
4245,20
4246,17
4247,19
4248,0
4249,4
4250,12
4251,0
4252,7
4253,4
4254,12
4255,1
4256,3
4257,21
4258,11
4259,22
4260,0
4261,6
4262,11
4263,0
4264,7
4265,10
4266,10
4267,0
4268,23
4269,2
4270,3
4271,24
4272,1
4273,3
4274,0
4275,8
4276,10
4277,0
4278,6
4279,12
4280,15
4281,2
4282,8
4283,3
4284,3
4285,18
4286,24
4287,17
4288,4
4289,4
4290,8
4291,19
4292,4
4293,20
4294,12
4295,5
4296,14
4297,21
4298,2
4299,10
4300,8
4301,7
4302,20
4303,21
4304,10
4305,6
4306,16
4307,12
4308,3
4309,19
4310,12
4311,3
4312,2
4313,4
4314,12
4315,5
4316,21
4317,23
4318,1
4319,4
4320,14
4321,2
4322,17
4323,15
4324,14
4325,19
4326,5
4327,10
4328,12
4329,14
4330,15
4331,16
4332,14
4333,12
4334,4
4335,4
4336,7
4337,22
4338,8
4339,5
4340,15
4341,0
4342,15
4343,8
4344,21
4345,4
4346,21
4347,2
4348,6
4349,20
4350,0
4351,10
4352,17
4353,8
4354,12
4355,8
4356,2
4357,21
4358,1
4359,18
4360,19
4361,10
4362,19
4363,16
4364,24
4365,6
4366,3
4367,8
4368,10
4369,2
4370,7
4371,17
4372,20
4373,12
4374,21
4375,23
4376,22
4377,6
4378,0
4379,2
4380,0
4381,23
4382,0
4383,12
4384,13
4385,21
4386,2
4387,1
4388,21
4389,7
4390,12
4391,19
4392,12
4393,16
4394,12
4395,4
4396,6
4397,15
4398,3
4399,7
4400,22
4401,6
4402,1
4403,0
4404,21
4405,18
4406,23
4407,3
4408,3
4409,16
4410,13
4411,0
4412,0
4413,12
4414,19
4415,24
4416,17
4417,16
4418,1
4419,10
4420,21
4421,5
4422,17
4423,24
4424,11
4425,0
4426,15
4427,7
4428,2
4429,7
4430,8
4431,12
4432,15
4433,14
4434,12
4435,7
4436,4
4437,4
4438,16
4439,20
4440,24
4441,8
4442,17
4443,20
4444,1
4445,18
4446,2
4447,10
4448,7
4449,17
4450,12
4451,18
4452,4
4453,3
4454,6
4455,22
4456,20
4457,22
4458,11
4459,1
4460,12
4461,11
4462,8
4463,12
4464,5
4465,11
4466,4
4467,1
4468,19
4469,19
4470,8
4471,17
4472,2
4473,19
4474,24
4475,1
4476,10
4477,1
4478,24
4479,7
4480,20
4481,16
4482,6
4483,12
4484,18
4485,7
4486,22
4487,12
4488,7
4489,13
4490,1
4491,10
4492,11
4493,20
4494,8
4495,22
4496,5
4497,13
4498,6
4499,7
4500,15
4501,7
4502,1
4503,24
4504,6
4505,4
4506,8
4507,11
4508,16
4509,4
4510,11
4511,4
4512,3
4513,18
4514,14
4515,6
4516,21
4517,2
4518,0
4519,19
4520,10
4521,23
4522,18
4523,12
4524,8
4525,5
4526,10
4527,4
4528,22
4529,3
4530,13
4531,18
4532,3
4533,23
4534,1
4535,14
4536,7
4537,23
4538,0
4539,3
4540,4
4541,0
4542,21
4543,18
4544,11
4545,17
4546,18
4547,3
4548,5
4549,3
4550,2
4551,24
4552,17
4553,23
4554,5
4555,7
4556,18
4557,4
4558,7
4559,12
4560,12
4561,10
4562,18
4563,6
4564,7
4565,17
4566,7
4567,3
4568,10
4569,22
4570,15
4571,13
4572,17
4573,4
4574,3
4575,17
4576,7
4577,24
4578,15
4579,18
4580,10
4581,6
4582,15
4583,12
4584,7
4585,10
4586,11
4587,7
4588,16
4589,8
4590,19
4591,5
4592,0
4593,2
4594,8
4595,17
4596,2
4597,18
4598,15
4599,6
4600,22
4601,6
4602,6
4603,10
4604,0
4605,20
4606,20
4607,18
4608,0
4609,0
4610,18
4611,7
4612,8
4613,4
4614,19
4615,4
4616,21
4617,17
4618,10
4619,18
4620,21
4621,16
4622,4
4623,16
4624,19
4625,6
4626,7
4627,21
4628,15
4629,7
4630,21
4631,20
4632,12
4633,8
4634,18
4635,21
4636,3
4637,0
4638,10
4639,17
4640,19
4641,0
4642,24
4643,4
4644,7
4645,19
4646,4
4647,0
4648,5
4649,12
4650,0
4651,17
4652,14
4653,20
4654,3
4655,6
4656,2
4657,2
4658,17
4659,5
4660,1
4661,2
4662,12
4663,10
4664,12
4665,10
4666,1
4667,5
4668,6
4669,18
4670,2
4671,13
4672,1
4673,23
4674,7
4675,0
4676,10
4677,2
4678,3
4679,13
4680,20
4681,23
4682,12
4683,5
4684,1
4685,17
4686,21
4687,15
4688,6
4689,3
4690,13
4691,8
4692,16
4693,14
4694,6
4695,0
4696,12
4697,1
4698,1
4699,16
4700,4
4701,18
4702,8
4703,19
4704,16
4705,5
4706,0
4707,23
4708,17
4709,23
4710,22
4711,0
4712,6
4713,14
4714,14
4715,5
4716,1
4717,2
4718,6
4719,21
4720,5
4721,4
4722,0
4723,14
4724,23
4725,4
4726,23
4727,4
4728,8
4729,6
4730,16
4731,16
4732,3
4733,23
4734,21
4735,16
4736,18
4737,15
4738,24
4739,22
4740,5
4741,10
4742,11
4743,18
4744,2
4745,2
4746,19
4747,21
4748,8
4749,17
4750,13
4751,7
4752,4
4753,18
4754,21
4755,0
4756,17
4757,15
4758,3
4759,5
4760,1
4761,24
4762,0
4763,12
4764,15
4765,19
4766,1
4767,2
4768,15
4769,22
4770,12
4771,14
4772,3
4773,3
4774,13
4775,15
4776,7
4777,18
4778,22
4779,21
4780,10
4781,0
4782,17
4783,15
4784,18
4785,4
4786,2
4787,20
4788,6
4789,21
4790,6
4791,18
4792,7
4793,15
4794,3
4795,1
4796,17
4797,5
4798,12
4799,4
4800,4
4801,18
4802,23
4803,10
4804,15
4805,4
4806,7
4807,0
4808,19
4809,22
4810,5
4811,16
4812,5
4813,2
4814,15
4815,4
4816,0
4817,5
4818,1
4819,2
4820,10
4821,23
4822,12
4823,15
4824,7
4825,19
4826,17
4827,3
4828,7
4829,17
4830,22
4831,11
4832,5
4833,22
4834,3
4835,11
4836,20
4837,16
4838,4
4839,1
4840,4
4841,15
4842,22
4843,6
4844,12
4845,3
4846,23
4847,20
4848,16
4849,3
4850,18
4851,4
4852,21
4853,1
4854,1
4855,13
4856,20
4857,1
4858,8
4859,23
4860,2
4861,7
4862,1
4863,10
4864,5
4865,18
4866,10
4867,0
4868,3
4869,20
4870,6
4871,2
4872,4
4873,4
4874,19
4875,1
4876,6
4877,23
4878,10
4879,18
4880,12
4881,10
4882,20
4883,11
4884,16
4885,7
4886,22
4887,20
4888,11
4889,13
4890,2
4891,6
4892,5
4893,4
4894,7
4895,6
4896,7
4897,18
4898,17
4899,3
4900,16
4901,10
4902,4
4903,4
4904,4
4905,21
4906,12
4907,1
4908,0
4909,23
4910,23
4911,20
4912,12
4913,23
4914,3
4915,15
4916,16
4917,13
4918,3
4919,16
4920,4
4921,22
4922,21
4923,1
4924,15
4925,17
4926,3
4927,19
4928,21
4929,0
4930,1
4931,14
4932,6
4933,4
4934,13
4935,21
4936,0
4937,11
4938,0
4939,3
4940,11
4941,4
4942,5
4943,4
4944,24
4945,20
4946,10
4947,4
4948,11
4949,11
4950,5
4951,16
4952,21
4953,1
4954,24
4955,7
4956,5
4957,7
4958,23
4959,1
4960,4
4961,21
4962,3
4963,5
4964,21
4965,5
4966,2
4967,7
4968,10
4969,3
4970,1
4971,3
4972,7
4973,6
4974,4
4975,24
4976,5
4977,5
4978,1
4979,24
4980,13
4981,10
4982,22
4983,18
4984,11
4985,15
4986,19
4987,10
4988,5
4989,16
4990,1
4991,24
4992,15
4993,16
4994,5
4995,15
4996,6
4997,2
4998,10
4999,5
5000,13
5001,18
5002,19
5003,2
5004,8
5005,2
5006,0
5007,18
5008,3
5009,3
5010,7
5011,1
5012,2
5013,0
5014,15
5015,13
5016,3
5017,16
5018,6
5019,0
5020,18
5021,7
5022,16
5023,11
5024,24
5025,10
5026,10
5027,7
5028,2
5029,7
5030,4
5031,15
5032,22
5033,18
5034,18
5035,1
5036,21
5037,23
5038,12
5039,7
5040,13
5041,4
5042,1
5043,5
5044,11
5045,14
5046,0
5047,12
5048,10
5049,10
5050,24
5051,14
5052,16
5053,4
5054,17
5055,19
5056,5
5057,2
5058,0
5059,6
5060,7
5061,4
5062,3
5063,0
5064,11
5065,2
5066,19
5067,6
5068,24
5069,20
5070,1
5071,19
5072,15
5073,10
5074,18
5075,0
5076,4
5077,22
5078,20
5079,15
5080,17
5081,13
5082,0
5083,0
5084,2
5085,11
5086,5
5087,18
5088,14
5089,13
5090,16
5091,7
5092,14
5093,12
5094,7
5095,7
5096,14
5097,2
5098,5
5099,5
5100,3
5101,8
5102,8
5103,15
5104,0
5105,3
5106,17
5107,8
5108,12
5109,18
5110,10
5111,14
5112,21
5113,4
5114,20
5115,1
5116,22
5117,3
5118,8
5119,8
5120,6
5121,17
5122,1
5123,11
5124,20
5125,4
5126,23
5127,7
5128,2
5129,0
5130,7
5131,13
5132,2
5133,4
5134,7
5135,8
5136,11
5137,18
5138,16
5139,3
5140,10
5141,12
5142,1
5143,2
5144,4
5145,17
5146,1
5147,1
5148,24
5149,15
5150,14
5151,13
5152,2
5153,7
5154,23
5155,24
5156,23
5157,3
5158,23
5159,12
5160,7
5161,1
5162,10
5163,12
5164,1
5165,1
5166,22
5167,4
5168,6
5169,23
5170,4
5171,22
5172,2
5173,22
5174,10
5175,16
5176,20
5177,19
5178,20
5179,1
5180,15
5181,1
5182,18
5183,18
5184,5
5185,16
5186,22
5187,24
5188,24
5189,6
5190,8
5191,18
5192,10
5193,16
5194,10
5195,14
5196,21
5197,5
5198,18
5199,4
5200,0
5201,18
5202,7
5203,7
5204,22
5205,11
5206,1
5207,10
5208,15
5209,20
5210,6
5211,5
5212,3
5213,10
5214,20
5215,19
5216,11
5217,3
5218,16
5219,11
5220,0
5221,8
5222,4
5223,7
5224,11
5225,20
5226,24
5227,7
5228,24
5229,7
5230,14
5231,23
5232,4
5233,4
5234,11
5235,20
5236,11
5237,21
5238,24
5239,15
5240,0
5241,13
5242,23
5243,20
5244,4
5245,7
5246,24
5247,15
5248,15
5249,4
5250,23
5251,0
5252,4
5253,16
5254,8
5255,0
5256,20
5257,2
5258,2
5259,16
5260,23
5261,17
5262,6
5263,13
5264,3
5265,16
5266,17
5267,1
5268,1
5269,17
5270,4
5271,22
5272,5
5273,11
5274,4
5275,18
5276,0
5277,20
5278,11
5279,22
5280,5
5281,0
5282,8
5283,2
5284,23
5285,0
5286,18
5287,0
5288,22
5289,0
5290,15
5291,2
5292,23
5293,20
5294,1
5295,20
5296,24
5297,2
5298,3
5299,1
5300,5
5301,6
5302,1
5303,4
5304,4
5305,22
5306,17
5307,4
5308,3
5309,7
5310,11
5311,2
5312,7
5313,1
5314,23
5315,5
5316,5
5317,13
5318,12
5319,8
5320,13
5321,15
5322,23
5323,19
5324,7
5325,14
5326,23
5327,21
5328,4
5329,2
5330,1
5331,18
5332,22
5333,4
5334,1
5335,15
5336,8
5337,7
5338,7
5339,23
5340,7
5341,18
5342,1
5343,15
5344,13
5345,4
5346,5
5347,8
5348,21
5349,11
5350,5
5351,14
5352,7
5353,4
5354,12
5355,2
5356,18
5357,10
5358,15
5359,7
5360,20
5361,0
5362,4
5363,16
5364,15
5365,2
5366,18
5367,22
5368,10
5369,23
5370,2
5371,24
5372,21
5373,3
5374,7
5375,4
5376,21
5377,1
5378,0
5379,4
5380,7
5381,6
5382,19
5383,23
5384,10
5385,11
5386,10
5387,8
5388,6
5389,11
5390,24
5391,24
5392,10
5393,13
5394,19
5395,15
5396,12
5397,1
5398,19
5399,10
5400,4
5401,1
5402,23
5403,4
5404,0
5405,14
5406,11
5407,1
5408,15
5409,1
5410,1
5411,13
5412,5
5413,17
5414,16
5415,3
5416,12
5417,17
5418,16
5419,22
5420,7
5421,16
5422,4
5423,20
5424,4
5425,5
5426,7
5427,12
5428,21
5429,7
5430,5
5431,12
5432,5
5433,5
5434,0
5435,11
5436,5
5437,1
5438,10
5439,22
5440,7
5441,20
5442,22
5443,15
5444,23
5445,11
5446,12
5447,21
5448,22
5449,7
5450,4
5451,21
5452,24
5453,14
5454,10
5455,22
5456,7
5457,11
5458,22
5459,1
5460,11
5461,1
5462,21
5463,12
5464,10
5465,7
5466,4
5467,16
5468,18
5469,7
5470,21
5471,14
5472,17
5473,19
5474,4
5475,23
5476,20
5477,12
5478,13
5479,16
5480,12
5481,7
5482,20
5483,19
5484,10
5485,24
5486,1
5487,17
5488,10
5489,21
5490,14
5491,6
5492,12
5493,1
5494,2
5495,1
5496,7
5497,17
5498,5
5499,20
5500,7
5501,7
5502,14
5503,7
5504,2
5505,4
5506,12
5507,23
5508,23
5509,11
5510,13
5511,7
5512,13
5513,4
5514,16
5515,20
5516,8
5517,7
5518,5
5519,7
5520,12
5521,3
5522,3
5523,23
5524,8
5525,23
5526,20
5527,6
5528,22
5529,11
5530,17
5531,10
5532,22
5533,24
5534,5
5535,18
5536,16
5537,2
5538,10
5539,11
5540,7
5541,24
5542,0
5543,23
5544,7
5545,5
5546,24
5547,5
5548,4
5549,16
5550,21
5551,2
5552,14
5553,20
5554,4
5555,8
5556,20
5557,24
5558,3
5559,5
5560,24
5561,4
5562,10
5563,19
5564,1
5565,13
5566,14
5567,23
5568,23
5569,7
5570,3
5571,4
5572,12
5573,1
5574,7
5575,11
5576,4
5577,4
5578,12
5579,3
5580,21
5581,6
5582,24
5583,10
5584,3
5585,5
5586,2
5587,21
5588,0
5589,8
5590,16
5591,5
5592,7
5593,11
5594,19
5595,6
5596,12
5597,0
5598,16
5599,1
5600,0
5601,3
5602,17
5603,21
5604,16
5605,19
5606,5
5607,0
5608,8
5609,2
5610,12
5611,23
5612,14
5613,17
5614,19
5615,5
5616,17
5617,7
5618,4
5619,2
5620,24
5621,12
5622,5
5623,15
5624,12
5625,5
5626,14
5627,0
5628,24
5629,12
5630,4
5631,21
5632,18
5633,15
5634,17
5635,15
5636,14
5637,12
5638,23
5639,1
5640,18
5641,13
5642,4
5643,7
5644,11
5645,22
5646,4
5647,13
5648,24
5649,21
5650,15
5651,23
5652,0
5653,24
5654,12
5655,16
5656,3
5657,15
5658,13
5659,24
5660,18
5661,1
5662,24
5663,11
5664,20
5665,1
5666,10
5667,1
5668,4
5669,18
5670,23
5671,10
5672,22
5673,21
5674,0
5675,12
5676,11
5677,12
5678,16
5679,1
5680,19
5681,3
5682,14
5683,11
5684,13
5685,2
5686,12
5687,21
5688,1
5689,4
5690,7
5691,11
5692,3
5693,3
5694,10
5695,22
5696,1
5697,11
5698,18
5699,11
5700,1
5701,7
5702,21
5703,6
5704,12
5705,4
5706,22
5707,23
5708,13
5709,22
5710,14
5711,16
5712,13
5713,1
5714,18
5715,10
5716,0
5717,2
5718,10
5719,1
5720,3
5721,4
5722,11
5723,1
5724,5
5725,4
5726,21
5727,12
5728,4
5729,21
5730,7
5731,22
5732,4
5733,12
5734,0
5735,24
5736,21
5737,0
5738,10
5739,18
5740,16
5741,22
5742,4
5743,19
5744,13
5745,1
5746,4
5747,7
5748,21
5749,16
5750,0
5751,4
5752,1
5753,4
5754,16
5755,2
5756,12
5757,19
5758,10
5759,24
5760,18
5761,16
5762,8
5763,5
5764,20
5765,17
5766,12
5767,8
5768,23
5769,24
5770,19
5771,18
5772,10
5773,24
5774,5
5775,3
5776,0
5777,1
5778,16
5779,13
5780,21
5781,2
5782,7
5783,21
5784,15
5785,7
5786,18
5787,12
5788,21
5789,7
5790,6
5791,10
5792,21
5793,11
5794,16
5795,0
5796,10
5797,2
5798,2
5799,7
5800,0
5801,21
5802,4
5803,15
5804,3
5805,16
5806,3
5807,4
5808,18
5809,15
5810,2
5811,10
5812,23
5813,4
5814,12
5815,22
5816,15
5817,21
5818,16
5819,12
5820,23
5821,1
5822,8
5823,15
5824,20
5825,21
5826,21
5827,22
5828,10
5829,18
5830,1
5831,20
5832,0
5833,0
5834,5
5835,2
5836,8
5837,10
5838,7
5839,1
5840,0
5841,0
5842,14
5843,18
5844,12
5845,23
5846,18
5847,20
5848,24
5849,3
5850,20
5851,12
5852,10
5853,18
5854,1
5855,17
5856,0
5857,15
5858,22
5859,10
5860,21
5861,1
5862,5
5863,19
5864,5
5865,17
5866,0
5867,13
5868,21
5869,18
5870,24
5871,5
5872,21
5873,7
5874,7
5875,4
5876,4
5877,4
5878,4
5879,17
5880,1
5881,7
5882,1
5883,24
5884,23
5885,2
5886,4
5887,21
5888,2
5889,21
5890,17
5891,8
5892,24
5893,17
5894,16
5895,1
5896,13
5897,18
5898,0
5899,2
5900,1
5901,0
5902,5
5903,20
5904,4
5905,21
5906,15
5907,2
5908,2
5909,11
5910,19
5911,4
5912,4
5913,2
5914,1
5915,21
5916,23
5917,10
5918,24
5919,19
5920,0
5921,5
5922,0
5923,12
5924,20
5925,1
5926,20
5927,6
5928,5
5929,22
5930,4
5931,13
5932,16
5933,5
5934,16
5935,7
5936,13
5937,21
5938,11
5939,20
5940,5
5941,19
5942,0
5943,6
5944,0
5945,3
5946,19
5947,24
5948,15
5949,4
5950,12
5951,19
5952,11
5953,18
5954,1
5955,0
5956,12
5957,13
5958,24
5959,0
5960,13
5961,0
5962,15
5963,4
5964,1
5965,17
5966,6
5967,11
5968,13
5969,1
5970,4
5971,12
5972,0
5973,11
5974,23
5975,15
5976,10
5977,11
5978,12
5979,13
5980,10
5981,22
5982,12
5983,4
5984,4
5985,5
5986,20
5987,14
5988,0
5989,5
5990,7
5991,7
5992,13
5993,4
5994,11
5995,7
5996,16
5997,17
5998,18
5999,16
6000,17
6001,5
6002,10
6003,14
6004,18
6005,4
6006,15
6007,24
6008,5
6009,23
6010,5
6011,4
6012,24
6013,19
6014,11
6015,18
6016,14
6017,4
6018,4
6019,7
6020,16
6021,16
6022,11
6023,1
6024,5
6025,20
6026,11
6027,6
6028,1
6029,7
6030,16
6031,6
6032,11
6033,6
6034,12
6035,1
6036,3
6037,3
6038,0
6039,4
6040,0
6041,18
6042,17
6043,7
6044,7
6045,4
6046,13
6047,3
6048,24
6049,4
6050,15
6051,0
6052,16
6053,22
6054,4
6055,11
6056,21
6057,13
6058,5
6059,0
6060,7
6061,12
6062,14
6063,10
6064,6
6065,6
6066,21
6067,21
6068,12
6069,5
6070,15
6071,12
6072,18
6073,12
6074,17
6075,5
6076,22
6077,5
6078,24
6079,12
6080,15
6081,20
6082,3
6083,0
6084,12
6085,1
6086,15
6087,14
6088,22
6089,15
6090,6
6091,20
6092,17
6093,4
6094,1
6095,7
6096,4
6097,4
6098,4
6099,11
6100,24
6101,4
6102,11
6103,22
6104,0
6105,10
6106,22
6107,23
6108,18
6109,7
6110,12
6111,5
6112,1
6113,15
6114,4
6115,24
6116,4
6117,15
6118,0
6119,8
6120,6
6121,10
6122,7
6123,5
6124,24
6125,0
6126,24
6127,24
6128,4
6129,16
6130,24
6131,0
6132,24
6133,24
6134,18
6135,24
6136,4
6137,4
6138,18
6139,17
6140,0
6141,0
6142,22
6143,12
6144,10
6145,23
6146,18
6147,2
6148,18
6149,20
6150,7
6151,20
6152,2
6153,0
6154,2
6155,3
6156,5
6157,4
6158,2
6159,21
6160,17
6161,20
6162,2
6163,11
6164,20
6165,8
6166,13
6167,4
6168,11
6169,23
6170,4
6171,12
6172,15
6173,2
6174,16
6175,4
6176,3
6177,14
6178,20
6179,5
6180,7
6181,14
6182,8
6183,8
6184,5
6185,8
6186,2
6187,7
6188,10
6189,18
6190,17
6191,8
6192,3
6193,4
6194,6
6195,0
6196,13
6197,12
6198,15
6199,19
6200,15
6201,12
6202,24
6203,16
6204,8
6205,1
6206,2
6207,17
6208,5
6209,24
6210,23
6211,0
6212,18
6213,5
6214,18
6215,7
6216,10
6217,24
6218,0
6219,12
6220,0
6221,4
6222,20
6223,4
6224,3
6225,7
6226,4
6227,18
6228,1
6229,3
6230,14
6231,10
6232,18
6233,6
6234,0
6235,14
6236,12
6237,14
6238,3
6239,7
6240,17
6241,14
6242,2
6243,11
6244,14
6245,22
6246,6
6247,15
6248,23
6249,18
6250,10
6251,0
6252,20
6253,8
6254,22
6255,3
6256,21
6257,18
6258,2
6259,3
6260,12
6261,20
6262,15
6263,5
6264,7
6265,18
6266,15
6267,7
6268,7
6269,3
6270,4
6271,18
6272,18
6273,19
6274,7
6275,24
6276,5
6277,11
6278,10
6279,1
6280,22
6281,11
6282,18
6283,5
6284,10
6285,5
6286,12
6287,6
6288,15
6289,0
6290,22
6291,15
6292,11
6293,7
6294,15
6295,8
6296,12
6297,15
6298,4
6299,15
6300,22
6301,0
6302,11
6303,11
6304,4
6305,14
6306,14
6307,11
6308,13
6309,19
6310,5
6311,7
6312,15
6313,22
6314,20
6315,7
6316,3
6317,21
6318,7
6319,0
6320,8
6321,4
6322,0
6323,20
6324,15
6325,4
6326,20
6327,18
6328,19
6329,5
6330,19
6331,22
6332,10
6333,6
6334,6
6335,21
6336,4
6337,23
6338,0
6339,23
6340,11
6341,11
6342,3
6343,22
6344,15
6345,24
6346,0
6347,24
6348,0
6349,5
6350,15
6351,10
6352,1
6353,0
6354,21
6355,20
6356,24
6357,12
6358,4
6359,4
6360,7
6361,21
6362,1
6363,18
6364,3
6365,7
6366,15
6367,0
6368,23
6369,3
6370,10
6371,15
6372,12
6373,21
6374,8
6375,19
6376,23
6377,17
6378,4
6379,4
6380,7
6381,4
6382,7
6383,2
6384,1
6385,10
6386,23
6387,6
6388,2
6389,4
6390,0
6391,4
6392,7
6393,20
6394,4
6395,10
6396,0
6397,2
6398,5
6399,12
6400,8
6401,1
6402,5
6403,14
6404,7
6405,17
6406,18
6407,15
6408,17
6409,0
6410,1
6411,14
6412,17
6413,23
6414,20
6415,21
6416,1
6417,5
6418,11
6419,4
6420,2
6421,17
6422,4
6423,19
6424,10
6425,0
6426,23
6427,11
6428,4
6429,14
6430,6
6431,20
6432,22
6433,2
6434,4
6435,21
6436,19
6437,6
6438,16
6439,16
6440,20
6441,8
6442,23
6443,14
6444,1
6445,23
6446,19
6447,1
6448,22
6449,4
6450,7
6451,3
6452,24
6453,4
6454,4
6455,23
6456,0
6457,2
6458,7
6459,1
6460,15
6461,14
6462,16
6463,21
6464,13
6465,15
6466,1
6467,7
6468,1
6469,10
6470,13
6471,24
6472,11
6473,6
6474,4
6475,11
6476,20
6477,13
6478,15
6479,15
6480,17
6481,21
6482,1
6483,23
6484,11
6485,3
6486,2
6487,5
6488,20
6489,7
6490,6
6491,21
6492,17
6493,3
6494,20
6495,8
6496,10
6497,2
6498,7
6499,11
6500,3
6501,3
6502,4
6503,3
6504,23
6505,17
6506,15
6507,8
6508,18
6509,21
6510,12
6511,0
6512,16
6513,13
6514,15
6515,12
6516,19
6517,1
6518,6
6519,11
6520,16
6521,23
6522,4
6523,7
6524,23
6525,13
6526,10
6527,5
6528,12
6529,11
6530,17
6531,14
6532,18
6533,10
6534,3
6535,5
6536,10
6537,20
6538,18
6539,1
6540,2
6541,0
6542,18
6543,8
6544,21
6545,20
6546,16
6547,8
6548,23
6549,7
6550,21
6551,16
6552,22
6553,11
6554,16
6555,11
6556,0
6557,12
6558,10
6559,5
6560,7
6561,1
6562,1
6563,11
6564,6
6565,4
6566,21
6567,20
6568,6
6569,4
6570,12
6571,16
6572,1
6573,10
6574,14
6575,11
6576,12
6577,6
6578,23
6579,0
6580,3
6581,21
6582,12
6583,13
6584,10
6585,12
6586,7
6587,2
6588,3
6589,22
6590,18
6591,15
6592,11
6593,16
6594,17
6595,18
6596,14
6597,17
6598,23
6599,4
6600,10
6601,23
6602,7
6603,23
6604,2
6605,13
6606,4
6607,0
6608,1
6609,6
6610,6
6611,12
6612,3
6613,1
6614,5
6615,0
6616,14
6617,0
6618,20
6619,17
6620,2
6621,18
6622,11
6623,5
6624,1
6625,11
6626,1
6627,3
6628,4
6629,10
6630,11
6631,18
6632,7
6633,6
6634,2
6635,6
6636,0
6637,8
6638,24
6639,15
6640,0
6641,24
6642,23
6643,1
6644,0
6645,14
6646,14
6647,15
6648,1
6649,6
6650,20
6651,15
6652,18
6653,6
6654,3
6655,22
6656,4
6657,3
6658,10
6659,21
6660,14
6661,4
6662,5
6663,3
6664,15
6665,15
6666,1
6667,4
6668,24
6669,2
6670,17
6671,16
6672,7
6673,4
6674,17
6675,5
6676,15
6677,22
6678,23
6679,4
6680,18
6681,7
6682,24
6683,7
6684,19
6685,1
6686,18
6687,20
6688,13
6689,24
6690,16
6691,8
6692,7
6693,22
6694,2
6695,2
6696,18
6697,13
6698,21
6699,24
6700,21
6701,21
6702,2
6703,4
6704,21
6705,7
6706,2
6707,7
6708,22
6709,12
6710,20
6711,15
6712,1
6713,7
6714,2
6715,24
6716,18
6717,23
6718,21
6719,6
6720,23
6721,0
6722,0
6723,16
6724,5
6725,0
6726,19
6727,23
6728,2
6729,12
6730,11
6731,6
6732,3
6733,2
6734,4
6735,10
6736,4
6737,15
6738,6
6739,7
6740,18
6741,11
6742,18
6743,17
6744,5
6745,13
6746,22
6747,4
6748,2
6749,23
6750,13
6751,14
6752,5
6753,7
6754,0
6755,14
6756,8
6757,2
6758,15
6759,12
6760,22
6761,17
6762,12
6763,17
6764,19
6765,3
6766,7
6767,1
6768,21
6769,12
6770,4
6771,17
6772,2
6773,3
6774,21
6775,0
6776,8
6777,13
6778,5
6779,1
6780,12
6781,1
6782,4
6783,10
6784,24
6785,0
6786,4
6787,13
6788,10
6789,21
6790,24
6791,15
6792,21
6793,21
6794,22
6795,3
6796,8
6797,8
6798,10
6799,14
6800,8
6801,17
6802,22
6803,4
6804,7
6805,23
6806,8
6807,22
6808,4
6809,12
6810,21
6811,5
6812,11
6813,15
6814,22
6815,11
6816,15
6817,5
6818,2
6819,24
6820,6
6821,5
6822,4
6823,21
6824,2
6825,21
6826,19
6827,0
6828,7
6829,4
6830,8
6831,17
6832,1
6833,10
6834,12
6835,3
6836,5
6837,6
6838,17
6839,0
6840,20
6841,13
6842,16
6843,0
6844,7
6845,2
6846,2
6847,24
6848,0
6849,8
6850,4
6851,4
6852,7
6853,19
6854,6
6855,24
6856,23
6857,21
6858,21
6859,5
6860,19
6861,1
6862,2
6863,0
6864,20
6865,0
6866,8
6867,19
6868,15
6869,6
6870,1
6871,2
6872,4
6873,21
6874,8
6875,16
6876,22
6877,8
6878,0
6879,11
6880,16
6881,15
6882,20
6883,2
6884,14
6885,6
6886,11
6887,7
6888,3
6889,24
6890,6
6891,12
6892,15
6893,11
6894,20
6895,17
6896,5
6897,4
6898,16
6899,3
6900,2
6901,4
6902,0
6903,21
6904,11
6905,6
6906,5
6907,1
6908,5
6909,12
6910,11
6911,14
6912,6
6913,0
6914,22
6915,20
6916,2
6917,2
6918,21
6919,4
6920,18
6921,0
6922,13
6923,11
6924,15
6925,12
6926,0
6927,0
6928,4
6929,13
6930,16
6931,6
6932,20
6933,5
6934,7
6935,3
6936,18
6937,18
6938,18
6939,8
6940,21
6941,4
6942,24
6943,0
6944,0
6945,12
6946,18
6947,14
6948,8
6949,23
6950,18
6951,10
6952,13
6953,21
6954,16
6955,7
6956,21
6957,5
6958,8
6959,15
6960,2
6961,11
6962,20
6963,16
6964,22
6965,0
6966,0
6967,16
6968,8
6969,1
6970,8
6971,1
6972,3
6973,17
6974,22
6975,14
6976,10
6977,1
6978,1
6979,21
6980,0
6981,3
6982,16
6983,5
6984,5
6985,6
6986,15
6987,0
6988,20
6989,13
6990,15
6991,20
6992,24
6993,7
6994,5
6995,8
6996,4
6997,24
6998,11
6999,4
7000,2
7001,21
7002,5
7003,12
7004,6
7005,23
7006,24
7007,3
7008,21
7009,7
7010,10
7011,3
7012,3
7013,6
7014,1
7015,0
7016,12
7017,0
7018,10
7019,2
7020,7
7021,18
7022,15
7023,4
7024,17
7025,8
7026,3
7027,23
7028,7
7029,14
7030,20
7031,0
7032,19
7033,21
7034,3
7035,24
7036,4
7037,11
7038,11
7039,7
7040,17
7041,4
7042,15
7043,15
7044,21
7045,18
7046,0
7047,2
7048,7
7049,10
7050,4
7051,23
7052,15
7053,7
7054,24
7055,8
7056,15
7057,19
7058,15
7059,18
7060,14
7061,12
7062,18
7063,21
7064,15
7065,10
7066,2
7067,24
7068,15
7069,11
7070,3
7071,6
7072,11
7073,4
7074,7
7075,3
7076,24
7077,0
7078,1
7079,4
7080,11
7081,2
7082,0
7083,0
7084,10
7085,21
7086,4
7087,3
7088,8
7089,12
7090,17
7091,6
7092,18
7093,3
7094,12
7095,7
7096,7
7097,2
7098,24
7099,22
7100,3
7101,16
7102,12
7103,2
7104,0
7105,20
7106,6
7107,4
7108,10
7109,3
7110,21
7111,4
7112,18
7113,8
7114,24
7115,5
7116,1
7117,0
7118,7
7119,11
7120,17
7121,15
7122,18
7123,7
7124,4
7125,10
7126,23
7127,18
7128,10
7129,3
7130,21
7131,7
7132,0
7133,4
7134,0
7135,0
7136,24
7137,11
7138,7
7139,10
7140,2
7141,5
7142,21
7143,0
7144,14
7145,12
7146,4
7147,18
7148,16
7149,7
7150,13
7151,15
7152,19
7153,17
7154,4
7155,0
7156,23
7157,19
7158,7
7159,16
7160,3
7161,19
7162,24
7163,15
7164,4
7165,14
7166,0
7167,12
7168,17
7169,13
7170,2
7171,4
7172,2
